userId,name,age,city
U1,Aarav Sharma,18,Chennai
U2,Vihaan Sharma,19,Bangalore
U3,Arjun Sharma,20,Hyderabad
U4,Reyansh Sharma,21,Mumbai
U5,Krishna Sharma,22,Delhi
U6,Ishaan Sharma,23,Pune
U7,Kabir Sharma,24,Chennai
U8,Rohan Sharma,25,Bangalore
U9,Aditya Sharma,26,Hyderabad
U10,Aryan Sharma,27,Mumbai
U11,Anaya Sharma,28,Delhi
U12,Diya Sharma,29,Pune
U13,Aadhya Sharma,30,Chennai
U14,Ira Sharma,31,Bangalore
U15,Myra Sharma,32,Hyderabad
U16,Sara Sharma,33,Mumbai
U17,Kiara Sharma,34,Delhi
U18,Navya Sharma,35,Pune
U19,Riya Sharma,36,Chennai
U20,Meera Sharma,37,Bangalore
U21,Dev Sharma,38,Hyderabad
U22,Rudra Sharma,39,Mumbai
U23,Yash Sharma,40,Delhi
U24,Kunal Sharma,41,Pune
U25,Varun Sharma,42,Chennai
U26,Neel Sharma,43,Bangalore
U27,Rahul Sharma,44,Hyderabad
U28,Samar Sharma,45,Mumbai
U29,Tanay Sharma,46,Delhi
U30,Nikhil Sharma,47,Pune
U31,Aarav Verma,18,Chennai
U32,Vihaan Verma,19,Bangalore
U33,Arjun Verma,20,Hyderabad
U34,Reyansh Verma,21,Mumbai
U35,Krishna Verma,22,Delhi
U36,Ishaan Verma,23,Pune
U37,Kabir Verma,24,Chennai
U38,Rohan Verma,25,Bangalore
U39,Aditya Verma,26,Hyderabad
U40,Aryan Verma,27,Mumbai
U41,Anaya Verma,28,Delhi
U42,Diya Verma,29,Pune
U43,Aadhya Verma,30,Chennai
U44,Ira Verma,31,Bangalore
U45,Myra Verma,32,Hyderabad
U46,Sara Verma,33,Mumbai
U47,Kiara Verma,34,Delhi
U48,Navya Verma,35,Pune
U49,Riya Verma,36,Chennai
U50,Meera Verma,37,Bangalore
U51,Dev Verma,38,Hyderabad
U52,Rudra Verma,39,Mumbai
U53,Yash Verma,40,Delhi
U54,Kunal Verma,41,Pune
U55,Varun Verma,42,Chennai
U56,Neel Verma,43,Bangalore
U57,Rahul Verma,44,Hyderabad
U58,Samar Verma,45,Mumbai
U59,Tanay Verma,46,Delhi
U60,Nikhil Verma,47,Pune
U61,Aarav Gupta,18,Chennai
U62,Vihaan Gupta,19,Bangalore
U63,Arjun Gupta,20,Hyderabad
U64,Reyansh Gupta,21,Mumbai
U65,Krishna Gupta,22,Delhi
U66,Ishaan Gupta,23,Pune
U67,Kabir Gupta,24,Chennai
U68,Rohan Gupta,25,Bangalore
U69,Aditya Gupta,26,Hyderabad
U70,Aryan Gupta,27,Mumbai
U71,Anaya Gupta,28,Delhi
U72,Diya Gupta,29,Pune
U73,Aadhya Gupta,30,Chennai
U74,Ira Gupta,31,Bangalore
U75,Myra Gupta,32,Hyderabad
U76,Sara Gupta,33,Mumbai
U77,Kiara Gupta,34,Delhi
U78,Navya Gupta,35,Pune
U79,Riya Gupta,36,Chennai
U80,Meera Gupta,37,Bangalore
U81,Dev Gupta,38,Hyderabad
U82,Rudra Gupta,39,Mumbai
U83,Yash Gupta,40,Delhi
U84,Kunal Gupta,41,Pune
U85,Varun Gupta,42,Chennai
U86,Neel Gupta,43,Bangalore
U87,Rahul Gupta,44,Hyderabad
U88,Samar Gupta,45,Mumbai
U89,Tanay Gupta,46,Delhi
U90,Nikhil Gupta,47,Pune
U91,Aarav Nair,18,Chennai
U92,Vihaan Nair,19,Bangalore
U93,Arjun Nair,20,Hyderabad
U94,Reyansh Nair,21,Mumbai
U95,Krishna Nair,22,Delhi
U96,Ishaan Nair,23,Pune
U97,Kabir Nair,24,Chennai
U98,Rohan Nair,25,Bangalore
U99,Aditya Nair,26,Hyderabad
U100,Aryan Nair,27,Mumbai
U101,Anaya Nair,28,Delhi
U102,Diya Nair,29,Pune
U103,Aadhya Nair,30,Chennai
U104,Ira Nair,31,Bangalore
U105,Myra Nair,32,Hyderabad
U106,Sara Nair,33,Mumbai
U107,Kiara Nair,34,Delhi
U108,Navya Nair,35,Pune
U109,Riya Nair,36,Chennai
U110,Meera Nair,37,Bangalore
U111,Dev Nair,38,Hyderabad
U112,Rudra Nair,39,Mumbai
U113,Yash Nair,40,Delhi
U114,Kunal Nair,41,Pune
U115,Varun Nair,42,Chennai
U116,Neel Nair,43,Bangalore
U117,Rahul Nair,44,Hyderabad
U118,Samar Nair,45,Mumbai
U119,Tanay Nair,46,Delhi
U120,Nikhil Nair,47,Pune
U121,Aarav Reddy,18,Chennai
U122,Vihaan Reddy,19,Bangalore
U123,Arjun Reddy,20,Hyderabad
U124,Reyansh Reddy,21,Mumbai
U125,Krishna Reddy,22,Delhi
U126,Ishaan Reddy,23,Pune
U127,Kabir Reddy,24,Chennai
U128,Rohan Reddy,25,Bangalore
U129,Aditya Reddy,26,Hyderabad
U130,Aryan Reddy,27,Mumbai
U131,Anaya Reddy,28,Delhi
U132,Diya Reddy,29,Pune
U133,Aadhya Reddy,30,Chennai
U134,Ira Reddy,31,Bangalore
U135,Myra Reddy,32,Hyderabad
U136,Sara Reddy,33,Mumbai
U137,Kiara Reddy,34,Delhi
U138,Navya Reddy,35,Pune
U139,Riya Reddy,36,Chennai
U140,Meera Reddy,37,Bangalore
U141,Dev Reddy,38,Hyderabad
U142,Rudra Reddy,39,Mumbai
U143,Yash Reddy,40,Delhi
U144,Kunal Reddy,41,Pune
U145,Varun Reddy,42,Chennai
U146,Neel Reddy,43,Bangalore
U147,Rahul Reddy,44,Hyderabad
U148,Samar Reddy,45,Mumbai
U149,Tanay Reddy,46,Delhi
U150,Nikhil Reddy,47,Pune
U151,Aarav Patel,18,Chennai
U152,Vihaan Patel,19,Bangalore
U153,Arjun Patel,20,Hyderabad
U154,Reyansh Patel,21,Mumbai
U155,Krishna Patel,22,Delhi
U156,Ishaan Patel,23,Pune
U157,Kabir Patel,24,Chennai
U158,Rohan Patel,25,Bangalore
U159,Aditya Patel,26,Hyderabad
U160,Aryan Patel,27,Mumbai
U161,Anaya Patel,28,Delhi
U162,Diya Patel,29,Pune
U163,Aadhya Patel,30,Chennai
U164,Ira Patel,31,Bangalore
U165,Myra Patel,32,Hyderabad
U166,Sara Patel,33,Mumbai
U167,Kiara Patel,34,Delhi
U168,Navya Patel,35,Pune
U169,Riya Patel,36,Chennai
U170,Meera Patel,37,Bangalore
U171,Dev Patel,38,Hyderabad
U172,Rudra Patel,39,Mumbai
U173,Yash Patel,40,Delhi
U174,Kunal Patel,41,Pune
U175,Varun Patel,42,Chennai
U176,Neel Patel,43,Bangalore
U177,Rahul Patel,44,Hyderabad
U178,Samar Patel,45,Mumbai
U179,Tanay Patel,46,Delhi
U180,Nikhil Patel,47,Pune
U181,Aarav Iyer,18,Chennai
U182,Vihaan Iyer,19,Bangalore
U183,Arjun Iyer,20,Hyderabad
U184,Reyansh Iyer,21,Mumbai
U185,Krishna Iyer,22,Delhi
U186,Ishaan Iyer,23,Pune
U187,Kabir Iyer,24,Chennai
U188,Rohan Iyer,25,Bangalore
U189,Aditya Iyer,26,Hyderabad
U190,Aryan Iyer,27,Mumbai
U191,Anaya Iyer,28,Delhi
U192,Diya Iyer,29,Pune
U193,Aadhya Iyer,30,Chennai
U194,Ira Iyer,31,Bangalore
U195,Myra Iyer,32,Hyderabad
U196,Sara Iyer,33,Mumbai
U197,Kiara Iyer,34,Delhi
U198,Navya Iyer,35,Pune
U199,Riya Iyer,36,Chennai
U200,Meera Iyer,37,Bangalore
U201,Dev Iyer,38,Hyderabad
U202,Rudra Iyer,39,Mumbai
U203,Yash Iyer,40,Delhi
U204,Kunal Iyer,41,Pune
U205,Varun Iyer,42,Chennai
U206,Neel Iyer,43,Bangalore
U207,Rahul Iyer,44,Hyderabad
U208,Samar Iyer,45,Mumbai
U209,Tanay Iyer,46,Delhi
U210,Nikhil Iyer,47,Pune
U211,Aarav Kapoor,18,Chennai
U212,Vihaan Kapoor,19,Bangalore
U213,Arjun Kapoor,20,Hyderabad
U214,Reyansh Kapoor,21,Mumbai
U215,Krishna Kapoor,22,Delhi
U216,Ishaan Kapoor,23,Pune
U217,Kabir Kapoor,24,Chennai
U218,Rohan Kapoor,25,Bangalore
U219,Aditya Kapoor,26,Hyderabad
U220,Aryan Kapoor,27,Mumbai
U221,Anaya Kapoor,28,Delhi
U222,Diya Kapoor,29,Pune
U223,Aadhya Kapoor,30,Chennai
U224,Ira Kapoor,31,Bangalore
U225,Myra Kapoor,32,Hyderabad
U226,Sara Kapoor,33,Mumbai
U227,Kiara Kapoor,34,Delhi
U228,Navya Kapoor,35,Pune
U229,Riya Kapoor,36,Chennai
U230,Meera Kapoor,37,Bangalore
U231,Dev Kapoor,38,Hyderabad
U232,Rudra Kapoor,39,Mumbai
U233,Yash Kapoor,40,Delhi
U234,Kunal Kapoor,41,Pune
U235,Varun Kapoor,42,Chennai
U236,Neel Kapoor,43,Bangalore
U237,Rahul Kapoor,44,Hyderabad
U238,Samar Kapoor,45,Mumbai
U239,Tanay Kapoor,46,Delhi
U240,Nikhil Kapoor,47,Pune
U241,Aarav Malhotra,18,Chennai
U242,Vihaan Malhotra,19,Bangalore
U243,Arjun Malhotra,20,Hyderabad
U244,Reyansh Malhotra,21,Mumbai
U245,Krishna Malhotra,22,Delhi
U246,Ishaan Malhotra,23,Pune
U247,Kabir Malhotra,24,Chennai
U248,Rohan Malhotra,25,Bangalore
U249,Aditya Malhotra,26,Hyderabad
U250,Aryan Malhotra,27,Mumbai
U251,Anaya Malhotra,28,Delhi
U252,Diya Malhotra,29,Pune
U253,Aadhya Malhotra,30,Chennai
U254,Ira Malhotra,31,Bangalore
U255,Myra Malhotra,32,Hyderabad
U256,Sara Malhotra,33,Mumbai
U257,Kiara Malhotra,34,Delhi
U258,Navya Malhotra,35,Pune
U259,Riya Malhotra,36,Chennai
U260,Meera Malhotra,37,Bangalore
U261,Dev Malhotra,38,Hyderabad
U262,Rudra Malhotra,39,Mumbai
U263,Yash Malhotra,40,Delhi
U264,Kunal Malhotra,41,Pune
U265,Varun Malhotra,42,Chennai
U266,Neel Malhotra,43,Bangalore
U267,Rahul Malhotra,44,Hyderabad
U268,Samar Malhotra,45,Mumbai
U269,Tanay Malhotra,46,Delhi
U270,Nikhil Malhotra,47,Pune
U271,Aarav Singh,18,Chennai
U272,Vihaan Singh,19,Bangalore
U273,Arjun Singh,20,Hyderabad
U274,Reyansh Singh,21,Mumbai
U275,Krishna Singh,22,Delhi
U276,Ishaan Singh,23,Pune
U277,Kabir Singh,24,Chennai
U278,Rohan Singh,25,Bangalore
U279,Aditya Singh,26,Hyderabad
U280,Aryan Singh,27,Mumbai
U281,Anaya Singh,28,Delhi
U282,Diya Singh,29,Pune
U283,Aadhya Singh,30,Chennai
U284,Ira Singh,31,Bangalore
U285,Myra Singh,32,Hyderabad
U286,Sara Singh,33,Mumbai
U287,Kiara Singh,34,Delhi
U288,Navya Singh,35,Pune
U289,Riya Singh,36,Chennai
U290,Meera Singh,37,Bangalore
U291,Dev Singh,38,Hyderabad
U292,Rudra Singh,39,Mumbai
U293,Yash Singh,40,Delhi
U294,Kunal Singh,41,Pune
U295,Varun Singh,42,Chennai
U296,Neel Singh,43,Bangalore
U297,Rahul Singh,44,Hyderabad
U298,Samar Singh,45,Mumbai
U299,Tanay Singh,46,Delhi
U300,Nikhil Singh,47,Pune
