taskId,userId,title,priority,status
TASK1,U58,Study session,High,Completed
TASK2,U126,Code review,Low,Pending
TASK3,U280,Project milestone,High,Completed
TASK4,U17,Study session,Low,Pending
TASK5,U120,Grocery planning,High,Pending
TASK6,U288,Code review,High,Completed
TASK7,U113,Workout plan,High,Completed
TASK8,U4,Team meeting,High,Completed
TASK9,U175,Prepare presentation,Low,Pending
TASK10,U173,Project milestone,Low,Completed
TASK11,U50,Submit assignment,Medium,Completed
TASK12,U23,Workout plan,High,Pending
TASK13,U194,Project milestone,High,Completed
TASK14,U186,Backend debugging,Low,Pending
TASK15,U24,Code review,Medium,Pending
TASK16,U120,Project milestone,Medium,Completed
TASK17,U233,Submit assignment,Low,Completed
TASK18,U182,Code review,High,Completed
TASK19,U37,Backend debugging,High,Pending
TASK20,U274,Code review,Low,Completed
TASK21,U195,Prepare presentation,High,Pending
TASK22,U167,Study session,Low,Pending
TASK23,U162,Research paper reading,Medium,Pending
TASK24,U109,Backend debugging,High,Completed
TASK25,U109,Workout plan,Medium,Completed
TASK26,U74,Prepare presentation,Low,Pending
TASK27,U288,Grocery planning,Medium,Completed
TASK28,U299,Research paper reading,Medium,Pending
TASK29,U71,Grocery planning,Medium,Pending
TASK30,U25,Project milestone,Low,Pending
TASK31,U217,Backend debugging,Low,Completed
TASK32,U196,Backend debugging,Medium,Completed
TASK33,U284,Study session,High,Pending
TASK34,U275,Prepare presentation,High,Completed
TASK35,U58,Prepare presentation,Medium,Pending
TASK36,U233,Study session,High,Completed
TASK37,U257,Team meeting,High,Pending
TASK38,U153,Grocery planning,High,Pending
TASK39,U79,Submit assignment,Low,Pending
TASK40,U166,Workout plan,Low,Pending
TASK41,U186,Prepare presentation,Low,Pending
TASK42,U124,Backend debugging,Low,Pending
TASK43,U249,Project milestone,High,Pending
TASK44,U66,Workout plan,High,Pending
TASK45,U136,Grocery planning,High,Completed
TASK46,U109,Grocery planning,High,Pending
TASK47,U160,Research paper reading,High,Completed
TASK48,U225,Grocery planning,Medium,Pending
TASK49,U127,Code review,Low,Completed
TASK50,U11,Backend debugging,High,Pending
TASK51,U113,Study session,Low,Pending
TASK52,U118,Project milestone,Low,Completed
TASK53,U37,Grocery planning,Low,Completed
TASK54,U249,Code review,High,Pending
TASK55,U293,Backend debugging,Medium,Pending
TASK56,U243,Research paper reading,Low,Pending
TASK57,U50,Research paper reading,Medium,Completed
TASK58,U211,Workout plan,High,Pending
TASK59,U51,Study session,Medium,Completed
TASK60,U56,Code review,Low,Pending
TASK61,U275,Workout plan,Low,Completed
TASK62,U94,Prepare presentation,Medium,Pending
TASK63,U39,Workout plan,High,Pending
TASK64,U26,Grocery planning,Low,Pending
TASK65,U122,Team meeting,Medium,Completed
TASK66,U247,Code review,Medium,Pending
TASK67,U85,Research paper reading,Low,Completed
TASK68,U136,Workout plan,Medium,Completed
TASK69,U285,Workout plan,Low,Pending
TASK70,U152,Code review,Low,Pending
TASK71,U161,Study session,Low,Completed
TASK72,U258,Grocery planning,Low,Pending
TASK73,U261,Project milestone,Low,Pending
TASK74,U35,Code review,Medium,Pending
TASK75,U292,Code review,High,Pending
TASK76,U42,Research paper reading,High,Completed
TASK77,U134,Code review,High,Completed
TASK78,U123,Prepare presentation,Medium,Pending
TASK79,U154,Workout plan,Medium,Pending
TASK80,U5,Workout plan,High,Pending
TASK81,U38,Grocery planning,Low,Completed
TASK82,U68,Submit assignment,Low,Pending
TASK83,U190,Prepare presentation,Low,Completed
TASK84,U279,Prepare presentation,High,Pending
TASK85,U284,Prepare presentation,High,Pending
TASK86,U69,Prepare presentation,Low,Pending
TASK87,U284,Team meeting,Medium,Completed
TASK88,U108,Submit assignment,Low,Completed
TASK89,U259,Workout plan,Medium,Pending
TASK90,U48,Research paper reading,Medium,Pending
TASK91,U2,Submit assignment,Low,Completed
TASK92,U83,Workout plan,High,Completed
TASK93,U288,Study session,Low,Pending
TASK94,U77,Grocery planning,Low,Completed
TASK95,U299,Grocery planning,Low,Completed
TASK96,U66,Study session,Medium,Completed
TASK97,U21,Submit assignment,Low,Pending
TASK98,U53,Submit assignment,High,Completed
TASK99,U80,Code review,Low,Pending
TASK100,U212,Study session,Low,Completed
TASK101,U211,Code review,Medium,Pending
TASK102,U56,Research paper reading,Low,Completed
TASK103,U114,Code review,Medium,Completed
TASK104,U157,Code review,Low,Pending
TASK105,U99,Research paper reading,Medium,Completed
TASK106,U36,Prepare presentation,Medium,Completed
TASK107,U275,Submit assignment,Low,Pending
TASK108,U134,Team meeting,High,Completed
TASK109,U20,Project milestone,High,Completed
TASK110,U177,Submit assignment,Medium,Pending
TASK111,U198,Backend debugging,Low,Completed
TASK112,U23,Research paper reading,Low,Pending
TASK113,U187,Research paper reading,Low,Completed
TASK114,U161,Project milestone,High,Completed
TASK115,U260,Prepare presentation,High,Completed
TASK116,U168,Research paper reading,High,Completed
TASK117,U284,Team meeting,Low,Completed
TASK118,U195,Team meeting,High,Completed
TASK119,U208,Grocery planning,Low,Completed
TASK120,U147,Code review,Medium,Completed
TASK121,U239,Workout plan,Medium,Pending
TASK122,U262,Workout plan,High,Pending
TASK123,U44,Prepare presentation,High,Completed
TASK124,U48,Code review,High,Completed
TASK125,U116,Code review,Low,Pending
TASK126,U24,Code review,Medium,Pending
TASK127,U234,Research paper reading,High,Pending
TASK128,U197,Workout plan,Medium,Pending
TASK129,U76,Study session,Low,Completed
TASK130,U113,Team meeting,High,Completed
TASK131,U26,Grocery planning,Low,Pending
TASK132,U234,Team meeting,Medium,Completed
TASK133,U227,Backend debugging,High,Completed
TASK134,U281,Workout plan,Low,Completed
TASK135,U231,Prepare presentation,Low,Completed
TASK136,U267,Workout plan,High,Pending
TASK137,U141,Workout plan,Low,Completed
TASK138,U121,Prepare presentation,Medium,Completed
TASK139,U277,Project milestone,Low,Pending
TASK140,U119,Research paper reading,High,Pending
TASK141,U110,Project milestone,Medium,Completed
TASK142,U170,Grocery planning,Medium,Completed
TASK143,U32,Code review,Medium,Completed
TASK144,U300,Study session,High,Completed
TASK145,U245,Study session,Medium,Completed
TASK146,U200,Research paper reading,High,Pending
TASK147,U250,Code review,Medium,Completed
TASK148,U249,Study session,Medium,Completed
TASK149,U208,Team meeting,Medium,Pending
TASK150,U274,Study session,Medium,Pending
TASK151,U43,Research paper reading,Low,Completed
TASK152,U94,Study session,Medium,Completed
TASK153,U168,Code review,Medium,Completed
TASK154,U173,Research paper reading,Medium,Completed
TASK155,U130,Project milestone,Medium,Pending
TASK156,U277,Study session,Medium,Pending
TASK157,U36,Study session,Low,Pending
TASK158,U103,Study session,High,Pending
TASK159,U123,Team meeting,Medium,Pending
TASK160,U289,Code review,Medium,Completed
TASK161,U189,Team meeting,High,Pending
TASK162,U84,Prepare presentation,Low,Pending
TASK163,U160,Backend debugging,High,Completed
TASK164,U204,Code review,Low,Pending
TASK165,U53,Prepare presentation,High,Pending
TASK166,U290,Study session,Medium,Completed
TASK167,U190,Project milestone,High,Completed
TASK168,U7,Research paper reading,Medium,Pending
TASK169,U222,Submit assignment,High,Completed
TASK170,U79,Research paper reading,Low,Completed
TASK171,U276,Workout plan,Medium,Completed
TASK172,U138,Submit assignment,Low,Pending
TASK173,U143,Workout plan,Low,Completed
TASK174,U292,Backend debugging,High,Completed
TASK175,U173,Study session,Medium,Completed
TASK176,U94,Workout plan,Low,Completed
TASK177,U133,Submit assignment,Medium,Completed
TASK178,U285,Study session,High,Pending
TASK179,U44,Code review,High,Completed
TASK180,U251,Grocery planning,Low,Completed
TASK181,U252,Workout plan,Low,Pending
TASK182,U151,Code review,Medium,Pending
TASK183,U157,Backend debugging,Medium,Completed
TASK184,U284,Grocery planning,Medium,Completed
TASK185,U282,Submit assignment,Medium,Completed
TASK186,U139,Prepare presentation,Medium,Pending
TASK187,U62,Code review,Medium,Pending
TASK188,U275,Team meeting,Low,Pending
TASK189,U248,Prepare presentation,High,Completed
TASK190,U52,Code review,Medium,Pending
TASK191,U185,Team meeting,Medium,Pending
TASK192,U274,Team meeting,Medium,Pending
TASK193,U28,Grocery planning,Medium,Pending
TASK194,U252,Project milestone,Low,Completed
TASK195,U241,Workout plan,Medium,Completed
TASK196,U95,Study session,Medium,Completed
TASK197,U59,Project milestone,Medium,Completed
TASK198,U38,Backend debugging,High,Pending
TASK199,U78,Team meeting,High,Completed
TASK200,U44,Code review,Low,Completed
TASK201,U116,Grocery planning,Medium,Completed
TASK202,U227,Prepare presentation,High,Completed
TASK203,U157,Backend debugging,High,Pending
TASK204,U51,Code review,High,Pending
TASK205,U136,Project milestone,Low,Pending
TASK206,U89,Grocery planning,Low,Pending
TASK207,U2,Research paper reading,Medium,Completed
TASK208,U150,Study session,Low,Completed
TASK209,U145,Workout plan,Low,Pending
TASK210,U136,Backend debugging,High,Pending
TASK211,U218,Project milestone,High,Pending
TASK212,U77,Prepare presentation,Low,Pending
TASK213,U31,Team meeting,Medium,Completed
TASK214,U225,Project milestone,Medium,Completed
TASK215,U207,Prepare presentation,High,Completed
TASK216,U225,Project milestone,High,Pending
TASK217,U222,Submit assignment,High,Completed
TASK218,U14,Project milestone,Low,Pending
TASK219,U138,Backend debugging,Low,Pending
TASK220,U241,Grocery planning,High,Completed
TASK221,U143,Team meeting,High,Completed
TASK222,U252,Project milestone,Medium,Completed
TASK223,U210,Submit assignment,Medium,Pending
TASK224,U83,Submit assignment,Medium,Completed
TASK225,U148,Research paper reading,High,Pending
TASK226,U233,Project milestone,Medium,Completed
TASK227,U166,Project milestone,Medium,Pending
TASK228,U278,Workout plan,Medium,Pending
TASK229,U97,Grocery planning,Medium,Completed
TASK230,U227,Study session,Low,Completed
TASK231,U282,Team meeting,Medium,Completed
TASK232,U249,Project milestone,Low,Pending
TASK233,U82,Prepare presentation,High,Pending
TASK234,U283,Research paper reading,Low,Pending
TASK235,U59,Workout plan,Low,Pending
TASK236,U256,Prepare presentation,High,Completed
TASK237,U213,Workout plan,Medium,Pending
TASK238,U234,Grocery planning,Low,Completed
TASK239,U98,Backend debugging,High,Pending
TASK240,U36,Prepare presentation,Medium,Completed
TASK241,U260,Prepare presentation,Low,Completed
TASK242,U153,Backend debugging,High,Completed
TASK243,U77,Workout plan,High,Completed
TASK244,U177,Submit assignment,High,Completed
TASK245,U234,Submit assignment,Low,Pending
TASK246,U293,Research paper reading,Low,Completed
TASK247,U23,Submit assignment,High,Completed
TASK248,U196,Research paper reading,High,Pending
TASK249,U254,Study session,Low,Completed
TASK250,U52,Workout plan,Low,Completed
TASK251,U8,Team meeting,Medium,Pending
TASK252,U39,Workout plan,Medium,Completed
TASK253,U204,Project milestone,Medium,Completed
TASK254,U163,Workout plan,High,Pending
TASK255,U36,Code review,High,Completed
TASK256,U117,Project milestone,Medium,Pending
TASK257,U52,Workout plan,Low,Completed
TASK258,U15,Study session,Medium,Pending
TASK259,U151,Submit assignment,Medium,Completed
TASK260,U75,Code review,High,Completed
TASK261,U290,Team meeting,Low,Pending
TASK262,U41,Backend debugging,Medium,Pending
TASK263,U255,Backend debugging,Low,Pending
TASK264,U237,Prepare presentation,Medium,Completed
TASK265,U5,Workout plan,Medium,Pending
TASK266,U38,Workout plan,Medium,Completed
TASK267,U218,Prepare presentation,Medium,Completed
TASK268,U102,Research paper reading,Medium,Pending
TASK269,U122,Research paper reading,High,Completed
TASK270,U295,Prepare presentation,High,Completed
TASK271,U12,Research paper reading,Medium,Pending
TASK272,U290,Study session,High,Completed
TASK273,U147,Code review,High,Completed
TASK274,U113,Code review,High,Completed
TASK275,U71,Project milestone,High,Pending
TASK276,U159,Workout plan,Low,Completed
TASK277,U68,Project milestone,Medium,Completed
TASK278,U213,Team meeting,Low,Pending
TASK279,U277,Submit assignment,High,Completed
TASK280,U85,Prepare presentation,Medium,Completed
TASK281,U174,Project milestone,Medium,Pending
TASK282,U73,Code review,High,Completed
TASK283,U286,Submit assignment,Low,Completed
TASK284,U8,Prepare presentation,High,Pending
TASK285,U233,Submit assignment,High,Completed
TASK286,U300,Research paper reading,High,Completed
TASK287,U56,Code review,Medium,Pending
TASK288,U288,Submit assignment,High,Pending
TASK289,U33,Workout plan,High,Completed
TASK290,U210,Project milestone,Low,Pending
TASK291,U20,Prepare presentation,Medium,Pending
TASK292,U50,Code review,High,Pending
TASK293,U199,Workout plan,Medium,Completed
TASK294,U80,Research paper reading,High,Pending
TASK295,U251,Backend debugging,Medium,Completed
TASK296,U17,Submit assignment,Low,Completed
TASK297,U228,Code review,Medium,Pending
TASK298,U189,Grocery planning,High,Completed
TASK299,U32,Research paper reading,Medium,Pending
TASK300,U63,Workout plan,Low,Pending
TASK301,U11,Study session,Medium,Pending
TASK302,U65,Backend debugging,Low,Pending
TASK303,U284,Code review,High,Pending
TASK304,U120,Submit assignment,Low,Pending
TASK305,U142,Team meeting,Low,Completed
TASK306,U90,Project milestone,High,Pending
TASK307,U68,Study session,Medium,Pending
TASK308,U166,Study session,Low,Completed
TASK309,U27,Team meeting,High,Completed
TASK310,U270,Project milestone,High,Pending
TASK311,U244,Workout plan,Medium,Pending
TASK312,U232,Grocery planning,Low,Pending
TASK313,U267,Prepare presentation,Medium,Pending
TASK314,U32,Workout plan,Medium,Completed
TASK315,U56,Workout plan,High,Completed
TASK316,U38,Project milestone,Medium,Pending
TASK317,U34,Team meeting,Medium,Completed
TASK318,U196,Backend debugging,High,Completed
TASK319,U233,Grocery planning,High,Completed
TASK320,U51,Project milestone,High,Pending
TASK321,U221,Workout plan,Low,Completed
TASK322,U174,Workout plan,Medium,Completed
TASK323,U49,Submit assignment,Medium,Completed
TASK324,U131,Submit assignment,Low,Completed
TASK325,U35,Project milestone,Low,Pending
TASK326,U222,Project milestone,High,Completed
TASK327,U67,Grocery planning,Low,Completed
TASK328,U63,Research paper reading,Medium,Completed
TASK329,U27,Prepare presentation,High,Completed
TASK330,U181,Project milestone,High,Pending
TASK331,U80,Workout plan,Low,Pending
TASK332,U180,Grocery planning,Medium,Pending
TASK333,U143,Backend debugging,Low,Completed
TASK334,U288,Backend debugging,High,Pending
TASK335,U137,Study session,Low,Completed
TASK336,U159,Submit assignment,Medium,Pending
TASK337,U93,Team meeting,High,Completed
TASK338,U36,Team meeting,High,Pending
TASK339,U47,Grocery planning,Low,Completed
TASK340,U215,Workout plan,Medium,Pending
TASK341,U190,Prepare presentation,High,Completed
TASK342,U291,Backend debugging,Low,Pending
TASK343,U80,Team meeting,High,Pending
TASK344,U42,Prepare presentation,Medium,Completed
TASK345,U249,Backend debugging,Medium,Completed
TASK346,U140,Code review,High,Pending
TASK347,U177,Research paper reading,Low,Completed
TASK348,U250,Grocery planning,High,Completed
TASK349,U24,Code review,Medium,Pending
TASK350,U4,Code review,Medium,Pending
TASK351,U71,Prepare presentation,Medium,Completed
TASK352,U62,Study session,Medium,Completed
TASK353,U90,Team meeting,Medium,Pending
TASK354,U257,Grocery planning,High,Completed
TASK355,U37,Research paper reading,High,Pending
TASK356,U224,Study session,Medium,Pending
TASK357,U161,Backend debugging,Medium,Completed
TASK358,U214,Prepare presentation,Low,Completed
TASK359,U11,Submit assignment,Low,Completed
TASK360,U186,Project milestone,Medium,Pending
TASK361,U125,Research paper reading,High,Completed
TASK362,U269,Project milestone,Medium,Completed
TASK363,U174,Code review,Medium,Pending
TASK364,U40,Grocery planning,High,Pending
TASK365,U272,Grocery planning,Low,Completed
TASK366,U180,Team meeting,Low,Pending
TASK367,U75,Prepare presentation,Low,Pending
TASK368,U79,Project milestone,Low,Completed
TASK369,U238,Backend debugging,High,Completed
TASK370,U290,Backend debugging,Medium,Completed
TASK371,U78,Workout plan,Low,Completed
TASK372,U227,Prepare presentation,Medium,Pending
TASK373,U181,Grocery planning,Low,Completed
TASK374,U237,Workout plan,Low,Pending
TASK375,U189,Prepare presentation,Low,Pending
TASK376,U260,Research paper reading,Medium,Pending
TASK377,U231,Backend debugging,High,Pending
TASK378,U165,Backend debugging,Medium,Pending
TASK379,U32,Workout plan,Low,Completed
TASK380,U44,Grocery planning,High,Pending
TASK381,U21,Code review,High,Completed
TASK382,U225,Grocery planning,High,Pending
TASK383,U187,Submit assignment,Medium,Completed
TASK384,U210,Submit assignment,High,Pending
TASK385,U172,Project milestone,Medium,Pending
TASK386,U286,Research paper reading,Medium,Completed
TASK387,U77,Submit assignment,Low,Pending
TASK388,U180,Prepare presentation,High,Completed
TASK389,U67,Backend debugging,High,Pending
TASK390,U159,Grocery planning,Medium,Completed
TASK391,U66,Grocery planning,Low,Completed
TASK392,U261,Submit assignment,Low,Completed
TASK393,U159,Team meeting,Low,Completed
TASK394,U249,Code review,Low,Pending
TASK395,U80,Project milestone,Medium,Pending
TASK396,U260,Grocery planning,High,Pending
TASK397,U173,Backend debugging,Low,Completed
TASK398,U79,Team meeting,Low,Pending
TASK399,U225,Study session,Medium,Completed
TASK400,U122,Workout plan,High,Completed
TASK401,U230,Code review,High,Pending
TASK402,U159,Workout plan,Low,Completed
TASK403,U293,Workout plan,Medium,Completed
TASK404,U196,Grocery planning,High,Completed
TASK405,U83,Code review,High,Pending
TASK406,U129,Study session,High,Completed
TASK407,U191,Grocery planning,Low,Pending
TASK408,U146,Project milestone,Low,Completed
TASK409,U231,Grocery planning,Low,Completed
TASK410,U47,Code review,Medium,Completed
TASK411,U14,Research paper reading,Low,Completed
TASK412,U258,Submit assignment,Low,Completed
TASK413,U42,Submit assignment,Low,Pending
TASK414,U164,Project milestone,High,Completed
TASK415,U75,Team meeting,Low,Completed
TASK416,U242,Team meeting,High,Completed
TASK417,U230,Backend debugging,Low,Pending
TASK418,U10,Prepare presentation,Low,Pending
TASK419,U281,Backend debugging,High,Completed
TASK420,U57,Prepare presentation,Low,Completed
TASK421,U63,Study session,Low,Completed
TASK422,U235,Project milestone,Low,Completed
TASK423,U275,Study session,High,Pending
TASK424,U74,Prepare presentation,Medium,Pending
TASK425,U181,Code review,High,Completed
TASK426,U96,Project milestone,High,Completed
TASK427,U35,Grocery planning,High,Pending
TASK428,U200,Workout plan,Low,Completed
TASK429,U192,Prepare presentation,High,Pending
TASK430,U183,Project milestone,Medium,Pending
TASK431,U54,Backend debugging,High,Completed
TASK432,U69,Study session,Medium,Completed
TASK433,U90,Workout plan,High,Completed
TASK434,U94,Team meeting,Low,Completed
TASK435,U19,Prepare presentation,Low,Pending
TASK436,U103,Study session,Medium,Completed
TASK437,U264,Research paper reading,High,Completed
TASK438,U130,Study session,High,Pending
TASK439,U147,Submit assignment,Low,Completed
TASK440,U140,Project milestone,Medium,Completed
TASK441,U205,Workout plan,Medium,Completed
TASK442,U96,Workout plan,High,Completed
TASK443,U189,Grocery planning,Medium,Pending
TASK444,U218,Project milestone,Medium,Pending
TASK445,U280,Prepare presentation,Medium,Pending
TASK446,U41,Submit assignment,High,Completed
TASK447,U157,Workout plan,High,Completed
TASK448,U86,Workout plan,Medium,Completed
TASK449,U22,Submit assignment,High,Completed
TASK450,U141,Study session,Low,Completed
TASK451,U187,Grocery planning,High,Pending
TASK452,U16,Team meeting,High,Completed
TASK453,U18,Team meeting,Low,Pending
TASK454,U188,Submit assignment,Medium,Pending
TASK455,U79,Workout plan,Medium,Completed
TASK456,U228,Project milestone,High,Pending
TASK457,U272,Submit assignment,Medium,Completed
TASK458,U143,Code review,Low,Pending
TASK459,U96,Workout plan,High,Completed
TASK460,U288,Project milestone,Medium,Completed
TASK461,U229,Code review,High,Completed
TASK462,U252,Code review,Low,Pending
TASK463,U38,Workout plan,Low,Completed
TASK464,U45,Submit assignment,High,Completed
TASK465,U34,Grocery planning,High,Completed
TASK466,U154,Team meeting,High,Pending
TASK467,U186,Grocery planning,Low,Pending
TASK468,U103,Team meeting,Low,Completed
TASK469,U14,Submit assignment,High,Completed
TASK470,U240,Grocery planning,Low,Pending
TASK471,U34,Prepare presentation,Medium,Completed
TASK472,U270,Research paper reading,Medium,Pending
TASK473,U65,Submit assignment,High,Pending
TASK474,U231,Workout plan,High,Completed
TASK475,U66,Grocery planning,High,Pending
TASK476,U67,Research paper reading,High,Pending
TASK477,U64,Grocery planning,Low,Completed
TASK478,U85,Team meeting,Medium,Pending
TASK479,U178,Grocery planning,Medium,Pending
TASK480,U129,Code review,High,Completed
TASK481,U65,Prepare presentation,High,Pending
TASK482,U258,Team meeting,High,Pending
TASK483,U88,Backend debugging,High,Completed
TASK484,U289,Study session,Low,Pending
TASK485,U24,Backend debugging,Medium,Pending
TASK486,U293,Research paper reading,High,Pending
TASK487,U255,Grocery planning,Medium,Completed
TASK488,U248,Code review,High,Completed
TASK489,U153,Workout plan,Low,Pending
TASK490,U81,Workout plan,Medium,Completed
TASK491,U238,Code review,Medium,Pending
TASK492,U161,Submit assignment,High,Completed
TASK493,U205,Team meeting,Medium,Pending
TASK494,U164,Code review,Medium,Pending
TASK495,U137,Workout plan,Low,Pending
TASK496,U50,Study session,Medium,Completed
TASK497,U215,Code review,Low,Completed
TASK498,U296,Submit assignment,Low,Pending
TASK499,U256,Grocery planning,Medium,Completed
TASK500,U158,Workout plan,Low,Pending
TASK501,U202,Grocery planning,Medium,Pending
TASK502,U111,Backend debugging,Medium,Pending
TASK503,U26,Prepare presentation,Medium,Completed
TASK504,U147,Grocery planning,Low,Pending
TASK505,U221,Team meeting,Medium,Completed
TASK506,U207,Submit assignment,Low,Completed
TASK507,U27,Backend debugging,High,Pending
TASK508,U186,Grocery planning,Medium,Pending
TASK509,U198,Grocery planning,Medium,Completed
TASK510,U61,Team meeting,Low,Completed
TASK511,U192,Submit assignment,High,Completed
TASK512,U74,Code review,High,Completed
TASK513,U257,Study session,Low,Pending
TASK514,U71,Submit assignment,Medium,Completed
TASK515,U77,Backend debugging,High,Pending
TASK516,U168,Backend debugging,Medium,Pending
TASK517,U202,Backend debugging,High,Completed
TASK518,U173,Grocery planning,High,Completed
TASK519,U289,Prepare presentation,Medium,Pending
TASK520,U189,Submit assignment,High,Pending
TASK521,U214,Backend debugging,Medium,Pending
TASK522,U243,Prepare presentation,High,Pending
TASK523,U27,Backend debugging,Medium,Pending
TASK524,U269,Backend debugging,Medium,Pending
TASK525,U125,Study session,High,Pending
TASK526,U98,Study session,Medium,Completed
TASK527,U215,Team meeting,Medium,Pending
TASK528,U211,Grocery planning,High,Completed
TASK529,U32,Team meeting,High,Pending
TASK530,U288,Submit assignment,High,Completed
TASK531,U270,Research paper reading,Medium,Pending
TASK532,U236,Grocery planning,Medium,Completed
TASK533,U136,Backend debugging,Medium,Pending
TASK534,U127,Prepare presentation,High,Completed
TASK535,U116,Prepare presentation,Medium,Pending
TASK536,U251,Submit assignment,Medium,Completed
TASK537,U287,Prepare presentation,Medium,Pending
TASK538,U294,Grocery planning,Medium,Completed
TASK539,U177,Team meeting,Medium,Pending
TASK540,U148,Project milestone,Medium,Completed
TASK541,U132,Workout plan,Low,Pending
TASK542,U276,Prepare presentation,High,Completed
TASK543,U71,Project milestone,High,Pending
TASK544,U125,Study session,High,Pending
TASK545,U120,Study session,Low,Completed
TASK546,U170,Workout plan,Low,Pending
TASK547,U3,Grocery planning,Low,Completed
TASK548,U244,Workout plan,High,Pending
TASK549,U148,Submit assignment,Medium,Pending
TASK550,U46,Backend debugging,Low,Pending
TASK551,U90,Research paper reading,Low,Pending
TASK552,U204,Workout plan,Low,Completed
TASK553,U20,Study session,Medium,Pending
TASK554,U172,Prepare presentation,Medium,Completed
TASK555,U69,Grocery planning,Medium,Completed
TASK556,U99,Project milestone,Medium,Pending
TASK557,U235,Prepare presentation,High,Pending
TASK558,U8,Submit assignment,Medium,Pending
TASK559,U90,Backend debugging,High,Completed
TASK560,U219,Grocery planning,Medium,Pending
TASK561,U206,Project milestone,Low,Pending
TASK562,U245,Submit assignment,Low,Pending
TASK563,U134,Research paper reading,Low,Completed
TASK564,U137,Submit assignment,Medium,Pending
TASK565,U134,Submit assignment,High,Pending
TASK566,U32,Project milestone,Medium,Completed
TASK567,U82,Research paper reading,High,Completed
TASK568,U61,Prepare presentation,Medium,Pending
TASK569,U113,Team meeting,Medium,Pending
TASK570,U233,Backend debugging,Medium,Completed
TASK571,U282,Workout plan,High,Pending
TASK572,U127,Backend debugging,Low,Completed
TASK573,U271,Submit assignment,Low,Pending
TASK574,U32,Grocery planning,High,Pending
TASK575,U294,Grocery planning,Low,Pending
TASK576,U168,Grocery planning,Medium,Pending
TASK577,U106,Backend debugging,Medium,Pending
TASK578,U262,Workout plan,Low,Completed
TASK579,U68,Grocery planning,Medium,Completed
TASK580,U289,Study session,High,Completed
TASK581,U158,Study session,Medium,Completed
TASK582,U2,Code review,High,Pending
TASK583,U24,Research paper reading,Medium,Pending
TASK584,U278,Study session,Low,Completed
TASK585,U17,Prepare presentation,Medium,Pending
TASK586,U70,Research paper reading,Medium,Completed
TASK587,U230,Research paper reading,Medium,Pending
TASK588,U277,Team meeting,High,Completed
TASK589,U61,Team meeting,High,Completed
TASK590,U271,Team meeting,High,Pending
TASK591,U2,Study session,Medium,Completed
TASK592,U279,Research paper reading,High,Completed
TASK593,U118,Code review,Medium,Completed
TASK594,U80,Prepare presentation,Low,Pending
TASK595,U17,Research paper reading,High,Pending
TASK596,U124,Code review,Low,Pending
TASK597,U18,Workout plan,High,Pending
TASK598,U126,Study session,Medium,Completed
TASK599,U120,Grocery planning,Low,Pending
TASK600,U72,Grocery planning,Medium,Pending
TASK601,U295,Submit assignment,High,Completed
TASK602,U122,Prepare presentation,Low,Pending
TASK603,U212,Prepare presentation,Medium,Pending
TASK604,U286,Backend debugging,High,Pending
TASK605,U219,Grocery planning,Medium,Pending
TASK606,U177,Research paper reading,High,Completed
TASK607,U214,Research paper reading,Low,Completed
TASK608,U193,Team meeting,High,Completed
TASK609,U124,Code review,Medium,Pending
TASK610,U238,Study session,High,Completed
TASK611,U214,Grocery planning,High,Pending
TASK612,U199,Code review,Medium,Pending
TASK613,U170,Project milestone,Medium,Completed
TASK614,U48,Grocery planning,High,Pending
TASK615,U27,Prepare presentation,Medium,Pending
TASK616,U38,Code review,High,Pending
TASK617,U246,Code review,Medium,Completed
TASK618,U8,Code review,Low,Pending
TASK619,U246,Code review,High,Pending
TASK620,U204,Code review,High,Completed
TASK621,U145,Research paper reading,Medium,Completed
TASK622,U158,Prepare presentation,Medium,Completed
TASK623,U239,Project milestone,High,Completed
TASK624,U164,Code review,Medium,Completed
TASK625,U212,Study session,High,Pending
TASK626,U75,Study session,Medium,Completed
TASK627,U152,Team meeting,Low,Completed
TASK628,U118,Research paper reading,High,Pending
TASK629,U256,Grocery planning,High,Completed
TASK630,U132,Workout plan,High,Completed
TASK631,U236,Team meeting,High,Completed
TASK632,U87,Team meeting,High,Completed
TASK633,U95,Grocery planning,High,Pending
TASK634,U269,Study session,Low,Pending
TASK635,U4,Research paper reading,Low,Pending
TASK636,U35,Team meeting,Low,Pending
TASK637,U259,Workout plan,Medium,Pending
TASK638,U248,Workout plan,Low,Pending
TASK639,U273,Grocery planning,Medium,Pending
TASK640,U9,Grocery planning,High,Completed
TASK641,U275,Prepare presentation,Low,Completed
TASK642,U92,Project milestone,Low,Pending
TASK643,U124,Code review,High,Completed
TASK644,U182,Prepare presentation,Medium,Pending
TASK645,U192,Research paper reading,Medium,Pending
TASK646,U116,Prepare presentation,High,Pending
TASK647,U17,Project milestone,Medium,Completed
TASK648,U194,Grocery planning,Medium,Pending
TASK649,U5,Team meeting,Low,Completed
TASK650,U223,Submit assignment,High,Pending
TASK651,U271,Study session,Low,Pending
TASK652,U291,Workout plan,Medium,Pending
TASK653,U39,Prepare presentation,High,Pending
TASK654,U92,Submit assignment,Low,Pending
TASK655,U74,Research paper reading,Low,Completed
TASK656,U84,Backend debugging,Low,Completed
TASK657,U277,Submit assignment,Medium,Pending
TASK658,U41,Grocery planning,High,Completed
TASK659,U28,Project milestone,Medium,Pending
TASK660,U39,Submit assignment,High,Completed
TASK661,U168,Study session,High,Completed
TASK662,U231,Workout plan,Low,Completed
TASK663,U284,Research paper reading,Medium,Pending
TASK664,U300,Research paper reading,Low,Completed
TASK665,U127,Project milestone,Low,Completed
TASK666,U79,Research paper reading,High,Pending
TASK667,U200,Submit assignment,Medium,Pending
TASK668,U47,Study session,Medium,Completed
TASK669,U185,Prepare presentation,Low,Pending
TASK670,U45,Team meeting,Medium,Completed
TASK671,U286,Grocery planning,High,Completed
TASK672,U53,Study session,Low,Completed
TASK673,U284,Project milestone,High,Completed
TASK674,U198,Study session,Medium,Completed
TASK675,U199,Project milestone,High,Pending
TASK676,U293,Grocery planning,Low,Completed
TASK677,U87,Team meeting,Medium,Completed
TASK678,U138,Workout plan,Low,Pending
TASK679,U86,Research paper reading,Medium,Completed
TASK680,U154,Workout plan,Low,Completed
TASK681,U129,Code review,High,Completed
TASK682,U101,Workout plan,Low,Pending
TASK683,U156,Study session,Medium,Completed
TASK684,U195,Submit assignment,Medium,Completed
TASK685,U221,Backend debugging,Low,Completed
TASK686,U165,Backend debugging,High,Pending
TASK687,U246,Submit assignment,Low,Completed
TASK688,U164,Prepare presentation,High,Completed
TASK689,U295,Code review,Medium,Completed
TASK690,U144,Research paper reading,Medium,Pending
TASK691,U289,Code review,High,Pending
TASK692,U282,Study session,High,Completed
TASK693,U108,Workout plan,Medium,Pending
TASK694,U210,Workout plan,Low,Completed
TASK695,U124,Prepare presentation,High,Pending
TASK696,U217,Research paper reading,Low,Completed
TASK697,U246,Backend debugging,Medium,Completed
TASK698,U279,Study session,Medium,Pending
TASK699,U56,Code review,High,Completed
TASK700,U86,Backend debugging,Low,Completed
TASK701,U170,Research paper reading,Low,Pending
TASK702,U51,Prepare presentation,Low,Pending
TASK703,U229,Submit assignment,Medium,Completed
TASK704,U257,Team meeting,Medium,Pending
TASK705,U248,Project milestone,Medium,Completed
TASK706,U44,Project milestone,High,Pending
TASK707,U179,Prepare presentation,Medium,Completed
TASK708,U106,Grocery planning,Medium,Completed
TASK709,U244,Project milestone,Medium,Completed
TASK710,U164,Project milestone,Medium,Pending
TASK711,U59,Study session,Medium,Pending
TASK712,U85,Code review,High,Pending
TASK713,U283,Team meeting,Medium,Completed
TASK714,U237,Code review,Medium,Pending
TASK715,U96,Research paper reading,Medium,Pending
TASK716,U102,Workout plan,High,Completed
TASK717,U200,Study session,High,Pending
TASK718,U106,Prepare presentation,High,Pending
TASK719,U296,Project milestone,High,Pending
TASK720,U188,Submit assignment,Low,Completed
TASK721,U59,Prepare presentation,High,Completed
TASK722,U271,Submit assignment,High,Completed
TASK723,U201,Backend debugging,Low,Completed
TASK724,U181,Workout plan,High,Pending
TASK725,U153,Backend debugging,High,Pending
TASK726,U69,Submit assignment,Low,Pending
TASK727,U157,Project milestone,Low,Completed
TASK728,U73,Grocery planning,Medium,Completed
TASK729,U71,Backend debugging,Medium,Completed
TASK730,U96,Workout plan,High,Pending
TASK731,U285,Team meeting,Medium,Completed
TASK732,U72,Team meeting,Medium,Completed
TASK733,U28,Submit assignment,Low,Completed
TASK734,U70,Code review,Medium,Completed
TASK735,U210,Workout plan,Medium,Completed
TASK736,U251,Team meeting,Low,Pending
TASK737,U113,Prepare presentation,Low,Completed
TASK738,U116,Grocery planning,Medium,Pending
TASK739,U235,Backend debugging,High,Completed
TASK740,U282,Grocery planning,Low,Pending
TASK741,U138,Grocery planning,Medium,Pending
TASK742,U226,Grocery planning,Low,Completed
TASK743,U53,Code review,Medium,Pending
TASK744,U231,Prepare presentation,Medium,Pending
TASK745,U225,Project milestone,Low,Pending
TASK746,U180,Backend debugging,High,Completed
TASK747,U85,Backend debugging,Low,Pending
TASK748,U106,Study session,High,Completed
TASK749,U273,Prepare presentation,High,Pending
TASK750,U166,Prepare presentation,Medium,Completed
TASK751,U264,Project milestone,Low,Completed
TASK752,U31,Prepare presentation,High,Pending
TASK753,U68,Code review,Low,Completed
TASK754,U127,Research paper reading,Medium,Pending
TASK755,U296,Prepare presentation,High,Completed
TASK756,U193,Workout plan,Low,Pending
TASK757,U207,Grocery planning,High,Completed
TASK758,U189,Workout plan,Medium,Completed
TASK759,U298,Study session,High,Pending
TASK760,U235,Submit assignment,Low,Completed
TASK761,U112,Research paper reading,Low,Completed
TASK762,U138,Submit assignment,Medium,Completed
TASK763,U281,Backend debugging,Low,Completed
TASK764,U176,Study session,Low,Pending
TASK765,U236,Study session,Low,Pending
TASK766,U226,Workout plan,Low,Completed
TASK767,U104,Team meeting,High,Completed
TASK768,U82,Prepare presentation,Low,Completed
TASK769,U129,Project milestone,Medium,Pending
TASK770,U27,Research paper reading,High,Completed
TASK771,U120,Research paper reading,High,Pending
TASK772,U49,Study session,Low,Completed
TASK773,U40,Team meeting,High,Pending
TASK774,U266,Workout plan,Low,Pending
TASK775,U176,Project milestone,Medium,Pending
TASK776,U245,Project milestone,Low,Completed
TASK777,U46,Project milestone,Low,Completed
TASK778,U189,Prepare presentation,Low,Completed
TASK779,U69,Team meeting,Low,Pending
TASK780,U85,Workout plan,Medium,Pending
TASK781,U78,Research paper reading,High,Completed
TASK782,U112,Project milestone,Low,Pending
TASK783,U64,Backend debugging,High,Completed
TASK784,U180,Research paper reading,Medium,Pending
TASK785,U127,Prepare presentation,High,Pending
TASK786,U128,Grocery planning,High,Completed
TASK787,U14,Prepare presentation,Low,Pending
TASK788,U201,Prepare presentation,High,Pending
TASK789,U123,Workout plan,Medium,Pending
TASK790,U124,Workout plan,High,Pending
TASK791,U271,Study session,Medium,Completed
TASK792,U68,Research paper reading,High,Completed
TASK793,U188,Grocery planning,High,Pending
TASK794,U242,Project milestone,Low,Pending
TASK795,U8,Prepare presentation,Low,Pending
TASK796,U31,Research paper reading,High,Completed
TASK797,U257,Research paper reading,Medium,Completed
TASK798,U43,Grocery planning,High,Pending
TASK799,U143,Project milestone,Medium,Pending
TASK800,U262,Code review,Low,Completed
TASK801,U201,Backend debugging,High,Pending
TASK802,U159,Research paper reading,High,Pending
TASK803,U30,Code review,Low,Completed
TASK804,U60,Workout plan,High,Pending
TASK805,U159,Team meeting,Low,Pending
TASK806,U71,Study session,Low,Completed
TASK807,U178,Grocery planning,High,Completed
TASK808,U86,Submit assignment,Low,Completed
TASK809,U61,Study session,Medium,Completed
TASK810,U140,Grocery planning,Low,Completed
TASK811,U296,Project milestone,Medium,Completed
TASK812,U262,Submit assignment,Low,Completed
TASK813,U291,Team meeting,Medium,Pending
TASK814,U131,Project milestone,High,Pending
TASK815,U117,Grocery planning,Low,Pending
TASK816,U7,Code review,Low,Completed
TASK817,U187,Research paper reading,Low,Pending
TASK818,U19,Grocery planning,High,Completed
TASK819,U115,Submit assignment,Low,Completed
TASK820,U164,Prepare presentation,Low,Completed
TASK821,U62,Grocery planning,High,Pending
TASK822,U92,Code review,High,Pending
TASK823,U206,Project milestone,Medium,Completed
TASK824,U160,Submit assignment,Low,Completed
TASK825,U5,Submit assignment,Low,Completed
TASK826,U289,Prepare presentation,High,Pending
TASK827,U238,Submit assignment,High,Completed
TASK828,U101,Grocery planning,Low,Pending
TASK829,U4,Research paper reading,Low,Pending
TASK830,U278,Submit assignment,High,Pending
TASK831,U172,Study session,High,Completed
TASK832,U158,Project milestone,Low,Pending
TASK833,U215,Workout plan,Low,Pending
TASK834,U144,Project milestone,Low,Pending
TASK835,U267,Research paper reading,High,Completed
TASK836,U235,Project milestone,High,Pending
TASK837,U259,Team meeting,High,Completed
TASK838,U39,Backend debugging,High,Pending
TASK839,U223,Team meeting,Low,Completed
TASK840,U134,Submit assignment,Medium,Completed
TASK841,U163,Workout plan,Medium,Pending
TASK842,U39,Code review,Low,Pending
TASK843,U80,Project milestone,Low,Completed
TASK844,U239,Submit assignment,Medium,Pending
TASK845,U275,Submit assignment,Low,Completed
TASK846,U158,Workout plan,Medium,Pending
TASK847,U47,Team meeting,High,Completed
TASK848,U21,Code review,Medium,Pending
TASK849,U47,Code review,Medium,Completed
TASK850,U263,Study session,High,Completed
TASK851,U134,Team meeting,Low,Completed
TASK852,U232,Grocery planning,High,Pending
TASK853,U49,Workout plan,Low,Pending
TASK854,U63,Study session,Low,Pending
TASK855,U67,Code review,Medium,Completed
TASK856,U44,Backend debugging,High,Completed
TASK857,U39,Study session,Low,Pending
TASK858,U228,Team meeting,Low,Completed
TASK859,U63,Study session,Medium,Pending
TASK860,U87,Backend debugging,Medium,Completed
TASK861,U255,Study session,Medium,Completed
TASK862,U89,Submit assignment,Low,Pending
TASK863,U141,Prepare presentation,Medium,Pending
TASK864,U18,Backend debugging,High,Pending
TASK865,U152,Workout plan,Medium,Completed
TASK866,U32,Project milestone,Medium,Completed
TASK867,U71,Research paper reading,Low,Pending
TASK868,U279,Study session,Medium,Completed
TASK869,U246,Grocery planning,Medium,Completed
TASK870,U290,Grocery planning,Medium,Completed
TASK871,U139,Team meeting,Low,Completed
TASK872,U113,Study session,Medium,Pending
TASK873,U242,Grocery planning,Medium,Pending
TASK874,U82,Project milestone,Low,Pending
TASK875,U137,Grocery planning,High,Pending
TASK876,U113,Backend debugging,Medium,Completed
TASK877,U89,Team meeting,Low,Completed
TASK878,U184,Backend debugging,Low,Completed
TASK879,U291,Backend debugging,Low,Pending
TASK880,U253,Grocery planning,Medium,Pending
TASK881,U252,Study session,Low,Pending
TASK882,U120,Backend debugging,Low,Pending
TASK883,U270,Workout plan,Low,Completed
TASK884,U104,Team meeting,Medium,Pending
TASK885,U166,Study session,Low,Pending
TASK886,U73,Project milestone,High,Completed
TASK887,U38,Submit assignment,High,Completed
TASK888,U52,Submit assignment,Medium,Completed
TASK889,U70,Team meeting,High,Completed
TASK890,U250,Submit assignment,Low,Completed
TASK891,U115,Backend debugging,Low,Completed
TASK892,U158,Prepare presentation,Low,Pending
TASK893,U1,Backend debugging,Medium,Pending
TASK894,U94,Backend debugging,Medium,Pending
TASK895,U290,Project milestone,Medium,Pending
TASK896,U170,Project milestone,Low,Completed
TASK897,U164,Team meeting,High,Pending
TASK898,U172,Workout plan,Low,Completed
TASK899,U108,Code review,High,Pending
TASK900,U180,Prepare presentation,Low,Pending
TASK901,U25,Research paper reading,Medium,Completed
TASK902,U86,Research paper reading,Medium,Completed
TASK903,U180,Grocery planning,Medium,Pending
TASK904,U246,Backend debugging,High,Pending
TASK905,U84,Workout plan,Low,Pending
TASK906,U151,Study session,Medium,Completed
TASK907,U54,Project milestone,Medium,Pending
TASK908,U193,Team meeting,High,Pending
TASK909,U281,Project milestone,Medium,Completed
TASK910,U16,Research paper reading,High,Pending
TASK911,U223,Team meeting,Low,Pending
TASK912,U170,Code review,Low,Completed
TASK913,U284,Grocery planning,Medium,Completed
TASK914,U153,Code review,Low,Pending
TASK915,U202,Backend debugging,High,Completed
TASK916,U79,Study session,Medium,Pending
TASK917,U219,Project milestone,Medium,Completed
TASK918,U103,Project milestone,Low,Pending
TASK919,U88,Prepare presentation,Low,Completed
TASK920,U60,Prepare presentation,Medium,Completed
TASK921,U251,Prepare presentation,Low,Completed
TASK922,U95,Submit assignment,Medium,Completed
TASK923,U96,Workout plan,Low,Completed
TASK924,U226,Workout plan,Medium,Pending
TASK925,U138,Backend debugging,Low,Pending
TASK926,U50,Project milestone,High,Completed
TASK927,U278,Research paper reading,High,Pending
TASK928,U284,Study session,Medium,Completed
TASK929,U275,Workout plan,High,Pending
TASK930,U244,Prepare presentation,Low,Completed
TASK931,U18,Grocery planning,High,Pending
TASK932,U62,Workout plan,Low,Pending
TASK933,U109,Code review,Low,Pending
TASK934,U217,Project milestone,High,Completed
TASK935,U104,Team meeting,High,Completed
TASK936,U164,Project milestone,Low,Completed
TASK937,U285,Research paper reading,High,Completed
TASK938,U142,Grocery planning,Medium,Pending
TASK939,U268,Research paper reading,Low,Completed
TASK940,U77,Team meeting,High,Pending
TASK941,U55,Backend debugging,Low,Completed
TASK942,U275,Submit assignment,Medium,Completed
TASK943,U197,Workout plan,High,Completed
TASK944,U20,Team meeting,Medium,Completed
TASK945,U74,Backend debugging,High,Completed
TASK946,U20,Research paper reading,Medium,Pending
TASK947,U26,Workout plan,Medium,Completed
TASK948,U11,Submit assignment,Medium,Completed
TASK949,U144,Workout plan,High,Pending
TASK950,U117,Team meeting,Medium,Completed
TASK951,U165,Prepare presentation,High,Completed
TASK952,U46,Code review,Medium,Pending
TASK953,U209,Workout plan,High,Completed
TASK954,U29,Grocery planning,Low,Pending
TASK955,U160,Grocery planning,Medium,Pending
TASK956,U269,Backend debugging,Low,Pending
TASK957,U99,Code review,Low,Pending
TASK958,U17,Workout plan,Low,Completed
TASK959,U102,Prepare presentation,Medium,Completed
TASK960,U259,Research paper reading,High,Pending
TASK961,U16,Code review,Medium,Completed
TASK962,U229,Team meeting,Medium,Completed
TASK963,U177,Team meeting,Medium,Pending
TASK964,U146,Study session,Medium,Pending
TASK965,U84,Backend debugging,Low,Pending
TASK966,U116,Code review,Medium,Completed
TASK967,U263,Study session,High,Pending
TASK968,U243,Team meeting,High,Pending
TASK969,U5,Code review,Medium,Completed
TASK970,U141,Research paper reading,Medium,Completed
TASK971,U236,Prepare presentation,Low,Completed
TASK972,U155,Grocery planning,High,Completed
TASK973,U300,Project milestone,Low,Completed
TASK974,U288,Backend debugging,High,Completed
TASK975,U153,Project milestone,Medium,Pending
TASK976,U173,Prepare presentation,High,Completed
TASK977,U142,Prepare presentation,High,Completed
TASK978,U97,Team meeting,High,Pending
TASK979,U30,Backend debugging,Medium,Completed
TASK980,U72,Study session,High,Completed
TASK981,U152,Prepare presentation,Medium,Completed
TASK982,U199,Study session,High,Pending
TASK983,U176,Code review,High,Completed
TASK984,U184,Grocery planning,Medium,Pending
TASK985,U286,Team meeting,Medium,Pending
TASK986,U242,Team meeting,High,Completed
TASK987,U287,Team meeting,High,Completed
TASK988,U46,Code review,Medium,Pending
TASK989,U158,Research paper reading,Medium,Completed
TASK990,U134,Backend debugging,Medium,Completed
TASK991,U61,Workout plan,Low,Pending
TASK992,U242,Code review,High,Pending
TASK993,U196,Grocery planning,Medium,Completed
TASK994,U28,Team meeting,Low,Pending
TASK995,U176,Research paper reading,High,Completed
TASK996,U74,Submit assignment,High,Pending
TASK997,U42,Workout plan,Medium,Pending
TASK998,U161,Study session,Low,Completed
TASK999,U141,Code review,Low,Pending
TASK1000,U251,Project milestone,Low,Completed
TASK1001,U220,Research paper reading,Medium,Completed
TASK1002,U197,Study session,Low,Pending
TASK1003,U192,Study session,Medium,Pending
TASK1004,U10,Study session,High,Pending
TASK1005,U116,Submit assignment,Medium,Pending
TASK1006,U53,Research paper reading,High,Completed
TASK1007,U86,Project milestone,Low,Completed
TASK1008,U149,Workout plan,High,Completed
TASK1009,U223,Team meeting,Medium,Completed
TASK1010,U184,Code review,Low,Completed
TASK1011,U10,Code review,Low,Pending
TASK1012,U109,Study session,High,Pending
TASK1013,U64,Submit assignment,High,Pending
TASK1014,U193,Prepare presentation,High,Pending
TASK1015,U25,Project milestone,High,Pending
TASK1016,U25,Project milestone,Medium,Completed
TASK1017,U195,Project milestone,High,Completed
TASK1018,U243,Team meeting,Low,Pending
TASK1019,U155,Research paper reading,High,Pending
TASK1020,U267,Prepare presentation,High,Pending
TASK1021,U215,Project milestone,High,Pending
TASK1022,U145,Project milestone,Low,Completed
TASK1023,U102,Backend debugging,Low,Completed
TASK1024,U268,Code review,Medium,Completed
TASK1025,U152,Team meeting,Low,Completed
TASK1026,U107,Workout plan,Medium,Pending
TASK1027,U2,Study session,High,Pending
TASK1028,U57,Backend debugging,High,Completed
TASK1029,U77,Project milestone,High,Pending
TASK1030,U52,Prepare presentation,High,Pending
TASK1031,U234,Prepare presentation,Medium,Completed
TASK1032,U26,Project milestone,Low,Pending
TASK1033,U149,Submit assignment,High,Completed
TASK1034,U219,Project milestone,Low,Pending
TASK1035,U5,Team meeting,High,Pending
TASK1036,U169,Submit assignment,Medium,Completed
TASK1037,U48,Submit assignment,Medium,Pending
TASK1038,U59,Research paper reading,Medium,Completed
TASK1039,U140,Research paper reading,High,Completed
TASK1040,U216,Team meeting,Low,Pending
TASK1041,U31,Team meeting,Low,Completed
TASK1042,U248,Backend debugging,High,Completed
TASK1043,U93,Backend debugging,Medium,Completed
TASK1044,U15,Team meeting,Medium,Completed
TASK1045,U58,Research paper reading,Medium,Pending
TASK1046,U33,Prepare presentation,High,Completed
TASK1047,U7,Grocery planning,High,Pending
TASK1048,U174,Grocery planning,High,Pending
TASK1049,U222,Code review,Medium,Completed
TASK1050,U198,Team meeting,High,Pending
TASK1051,U6,Team meeting,High,Completed
TASK1052,U254,Team meeting,Low,Completed
TASK1053,U165,Code review,Medium,Completed
TASK1054,U26,Grocery planning,Low,Completed
TASK1055,U207,Code review,Low,Completed
TASK1056,U228,Backend debugging,Medium,Pending
TASK1057,U256,Workout plan,Medium,Pending
TASK1058,U255,Study session,Low,Completed
TASK1059,U212,Study session,High,Pending
TASK1060,U47,Backend debugging,High,Completed
TASK1061,U261,Grocery planning,Low,Completed
TASK1062,U175,Submit assignment,Low,Pending
TASK1063,U233,Submit assignment,High,Completed
TASK1064,U187,Workout plan,Low,Pending
TASK1065,U114,Study session,Medium,Completed
TASK1066,U150,Grocery planning,High,Completed
TASK1067,U55,Study session,Low,Completed
TASK1068,U72,Research paper reading,Low,Completed
TASK1069,U101,Code review,Low,Completed
TASK1070,U111,Workout plan,Low,Completed
TASK1071,U56,Research paper reading,Low,Pending
TASK1072,U231,Workout plan,High,Pending
TASK1073,U256,Study session,High,Pending
TASK1074,U284,Research paper reading,High,Completed
TASK1075,U261,Team meeting,High,Pending
TASK1076,U66,Project milestone,Medium,Completed
TASK1077,U259,Research paper reading,Medium,Pending
TASK1078,U141,Research paper reading,Medium,Completed
TASK1079,U232,Team meeting,Low,Completed
TASK1080,U263,Prepare presentation,High,Completed
TASK1081,U284,Code review,Low,Pending
TASK1082,U149,Submit assignment,High,Pending
TASK1083,U92,Grocery planning,High,Completed
TASK1084,U60,Submit assignment,High,Completed
TASK1085,U299,Backend debugging,High,Completed
TASK1086,U274,Prepare presentation,Medium,Pending
TASK1087,U268,Project milestone,Low,Completed
TASK1088,U75,Study session,High,Pending
TASK1089,U103,Prepare presentation,Low,Completed
TASK1090,U129,Team meeting,Low,Completed
TASK1091,U105,Grocery planning,Low,Completed
TASK1092,U232,Project milestone,High,Pending
TASK1093,U288,Research paper reading,Low,Completed
TASK1094,U25,Research paper reading,Medium,Completed
TASK1095,U161,Grocery planning,Low,Pending
TASK1096,U129,Code review,High,Completed
TASK1097,U116,Submit assignment,High,Pending
TASK1098,U100,Prepare presentation,Medium,Pending
TASK1099,U39,Team meeting,Low,Pending
TASK1100,U194,Study session,Medium,Completed
TASK1101,U285,Prepare presentation,Low,Pending
TASK1102,U300,Prepare presentation,Low,Completed
TASK1103,U239,Team meeting,Low,Pending
TASK1104,U166,Backend debugging,Low,Completed
TASK1105,U252,Backend debugging,High,Completed
TASK1106,U38,Submit assignment,High,Pending
TASK1107,U95,Grocery planning,Low,Pending
TASK1108,U213,Grocery planning,High,Completed
TASK1109,U48,Submit assignment,Low,Pending
TASK1110,U170,Submit assignment,Medium,Completed
TASK1111,U112,Backend debugging,High,Completed
TASK1112,U288,Study session,Low,Completed
TASK1113,U229,Code review,High,Pending
TASK1114,U21,Submit assignment,Medium,Pending
TASK1115,U198,Prepare presentation,High,Completed
TASK1116,U13,Grocery planning,Medium,Completed
TASK1117,U250,Study session,Medium,Pending
TASK1118,U165,Grocery planning,Low,Pending
TASK1119,U86,Grocery planning,High,Pending
TASK1120,U34,Code review,High,Pending
TASK1121,U218,Project milestone,Low,Completed
TASK1122,U37,Team meeting,Low,Completed
TASK1123,U170,Study session,Low,Pending
TASK1124,U28,Team meeting,Medium,Pending
TASK1125,U295,Code review,Medium,Completed
TASK1126,U199,Workout plan,High,Completed
TASK1127,U222,Submit assignment,Low,Completed
TASK1128,U61,Grocery planning,Low,Pending
TASK1129,U300,Study session,High,Pending
TASK1130,U184,Grocery planning,Low,Completed
TASK1131,U155,Backend debugging,Low,Completed
TASK1132,U225,Research paper reading,Medium,Pending
TASK1133,U243,Team meeting,High,Pending
TASK1134,U70,Research paper reading,High,Completed
TASK1135,U74,Prepare presentation,High,Completed
TASK1136,U6,Grocery planning,High,Pending
TASK1137,U64,Study session,Low,Completed
TASK1138,U276,Grocery planning,Low,Completed
TASK1139,U108,Submit assignment,Low,Completed
TASK1140,U263,Team meeting,Low,Pending
TASK1141,U114,Backend debugging,Medium,Pending
TASK1142,U59,Team meeting,High,Pending
TASK1143,U282,Workout plan,High,Pending
TASK1144,U149,Project milestone,Medium,Pending
TASK1145,U102,Backend debugging,Medium,Completed
TASK1146,U183,Team meeting,High,Pending
TASK1147,U52,Prepare presentation,High,Pending
TASK1148,U100,Submit assignment,Medium,Completed
TASK1149,U169,Backend debugging,High,Completed
TASK1150,U300,Team meeting,High,Completed
TASK1151,U162,Research paper reading,Low,Pending
TASK1152,U161,Code review,Low,Completed
TASK1153,U142,Submit assignment,Low,Completed
TASK1154,U246,Workout plan,Medium,Completed
TASK1155,U157,Workout plan,High,Pending
TASK1156,U90,Backend debugging,Low,Completed
TASK1157,U72,Grocery planning,Low,Completed
TASK1158,U40,Project milestone,Low,Pending
TASK1159,U298,Backend debugging,Medium,Pending
TASK1160,U19,Grocery planning,Medium,Completed
TASK1161,U77,Submit assignment,Medium,Pending
TASK1162,U149,Team meeting,Medium,Pending
TASK1163,U204,Submit assignment,High,Pending
TASK1164,U123,Backend debugging,High,Pending
TASK1165,U264,Team meeting,Medium,Pending
TASK1166,U92,Backend debugging,High,Pending
TASK1167,U248,Submit assignment,Low,Pending
TASK1168,U250,Code review,Low,Completed
TASK1169,U190,Code review,Low,Pending
TASK1170,U266,Submit assignment,Medium,Completed
TASK1171,U233,Study session,Low,Completed
TASK1172,U53,Grocery planning,High,Completed
TASK1173,U135,Backend debugging,High,Pending
TASK1174,U193,Research paper reading,Medium,Pending
TASK1175,U265,Prepare presentation,Medium,Pending
TASK1176,U265,Research paper reading,Medium,Completed
TASK1177,U250,Workout plan,High,Pending
TASK1178,U257,Team meeting,Medium,Pending
TASK1179,U118,Project milestone,High,Completed
TASK1180,U109,Team meeting,Low,Pending
TASK1181,U186,Backend debugging,High,Pending
TASK1182,U118,Research paper reading,Medium,Pending
TASK1183,U247,Workout plan,Medium,Pending
TASK1184,U83,Research paper reading,Low,Pending
TASK1185,U23,Team meeting,High,Pending
TASK1186,U69,Grocery planning,Low,Pending
TASK1187,U29,Team meeting,Medium,Pending
TASK1188,U265,Research paper reading,High,Pending
TASK1189,U146,Project milestone,Low,Completed
TASK1190,U242,Workout plan,Low,Pending
TASK1191,U211,Backend debugging,Low,Pending
TASK1192,U262,Prepare presentation,Low,Completed
TASK1193,U233,Backend debugging,High,Pending
TASK1194,U118,Research paper reading,Medium,Pending
TASK1195,U56,Study session,Low,Completed
TASK1196,U77,Backend debugging,Low,Pending
TASK1197,U244,Backend debugging,High,Pending
TASK1198,U273,Grocery planning,Low,Pending
TASK1199,U247,Team meeting,High,Pending
TASK1200,U221,Grocery planning,Medium,Completed
TASK1201,U23,Grocery planning,Medium,Pending
TASK1202,U247,Research paper reading,Medium,Pending
TASK1203,U218,Team meeting,Medium,Completed
TASK1204,U120,Project milestone,Medium,Completed
TASK1205,U132,Code review,Low,Pending
TASK1206,U296,Grocery planning,Low,Pending
TASK1207,U193,Code review,High,Completed
TASK1208,U210,Submit assignment,Low,Pending
TASK1209,U219,Backend debugging,Medium,Completed
TASK1210,U275,Research paper reading,High,Completed
TASK1211,U142,Research paper reading,Low,Completed
TASK1212,U283,Grocery planning,Medium,Pending
TASK1213,U190,Grocery planning,High,Completed
TASK1214,U130,Prepare presentation,High,Completed
TASK1215,U204,Team meeting,High,Pending
TASK1216,U118,Workout plan,High,Pending
TASK1217,U52,Code review,High,Completed
TASK1218,U174,Grocery planning,High,Pending
TASK1219,U83,Research paper reading,High,Pending
TASK1220,U47,Team meeting,Medium,Completed
TASK1221,U46,Project milestone,Medium,Pending
TASK1222,U190,Project milestone,High,Pending
TASK1223,U197,Research paper reading,High,Completed
TASK1224,U30,Team meeting,High,Completed
TASK1225,U225,Study session,Low,Completed
TASK1226,U100,Study session,High,Pending
TASK1227,U87,Study session,Medium,Pending
TASK1228,U1,Team meeting,Low,Completed
TASK1229,U205,Submit assignment,High,Completed
TASK1230,U208,Backend debugging,Low,Pending
TASK1231,U36,Project milestone,High,Completed
TASK1232,U287,Backend debugging,Medium,Completed
TASK1233,U142,Code review,High,Pending
TASK1234,U233,Research paper reading,High,Pending
TASK1235,U134,Team meeting,Medium,Pending
TASK1236,U287,Project milestone,High,Completed
TASK1237,U175,Project milestone,High,Completed
TASK1238,U276,Backend debugging,Medium,Completed
TASK1239,U194,Backend debugging,Medium,Pending
TASK1240,U174,Workout plan,High,Completed
TASK1241,U15,Workout plan,Low,Completed
TASK1242,U35,Research paper reading,High,Pending
TASK1243,U118,Submit assignment,Medium,Completed
TASK1244,U265,Grocery planning,Low,Completed
TASK1245,U128,Prepare presentation,Low,Completed
TASK1246,U176,Project milestone,High,Pending
TASK1247,U244,Submit assignment,Medium,Pending
TASK1248,U294,Prepare presentation,Low,Pending
TASK1249,U256,Code review,Low,Pending
TASK1250,U136,Code review,Low,Pending
TASK1251,U128,Backend debugging,Medium,Pending
TASK1252,U55,Project milestone,Low,Completed
TASK1253,U4,Grocery planning,Low,Completed
TASK1254,U191,Backend debugging,Medium,Completed
TASK1255,U295,Prepare presentation,Medium,Pending
TASK1256,U262,Prepare presentation,Medium,Pending
TASK1257,U296,Team meeting,Low,Completed
TASK1258,U245,Grocery planning,Low,Completed
TASK1259,U202,Team meeting,Medium,Pending
TASK1260,U266,Workout plan,Medium,Pending
TASK1261,U7,Code review,Medium,Pending
TASK1262,U167,Submit assignment,High,Completed
TASK1263,U96,Grocery planning,Medium,Pending
TASK1264,U138,Workout plan,High,Completed
TASK1265,U188,Team meeting,Medium,Completed
TASK1266,U108,Research paper reading,High,Completed
TASK1267,U187,Research paper reading,Medium,Completed
TASK1268,U93,Backend debugging,Low,Pending
TASK1269,U52,Prepare presentation,Low,Completed
TASK1270,U196,Code review,Low,Pending
TASK1271,U243,Study session,Low,Completed
TASK1272,U256,Team meeting,High,Completed
TASK1273,U250,Prepare presentation,Medium,Pending
TASK1274,U204,Project milestone,High,Pending
TASK1275,U31,Code review,Medium,Completed
TASK1276,U50,Workout plan,High,Completed
TASK1277,U134,Submit assignment,Medium,Completed
TASK1278,U177,Study session,Medium,Pending
TASK1279,U180,Backend debugging,Low,Pending
TASK1280,U146,Submit assignment,Medium,Completed
TASK1281,U229,Project milestone,Medium,Completed
TASK1282,U238,Team meeting,Low,Completed
TASK1283,U216,Backend debugging,High,Completed
TASK1284,U37,Project milestone,Low,Completed
TASK1285,U117,Submit assignment,Medium,Completed
TASK1286,U137,Backend debugging,High,Completed
TASK1287,U139,Workout plan,Medium,Completed
TASK1288,U212,Team meeting,Low,Pending
TASK1289,U65,Code review,High,Completed
TASK1290,U41,Code review,Low,Completed
TASK1291,U53,Project milestone,Low,Completed
TASK1292,U281,Study session,Low,Completed
TASK1293,U269,Project milestone,Low,Completed
TASK1294,U80,Project milestone,High,Completed
TASK1295,U159,Code review,Low,Completed
TASK1296,U227,Team meeting,Low,Pending
TASK1297,U15,Study session,High,Completed
TASK1298,U167,Workout plan,Medium,Completed
TASK1299,U281,Workout plan,Low,Pending
TASK1300,U234,Backend debugging,Medium,Completed
TASK1301,U178,Workout plan,High,Pending
TASK1302,U46,Workout plan,Medium,Completed
TASK1303,U212,Prepare presentation,Low,Completed
TASK1304,U6,Study session,High,Pending
TASK1305,U177,Prepare presentation,Medium,Pending
TASK1306,U252,Workout plan,Medium,Pending
TASK1307,U221,Prepare presentation,High,Pending
TASK1308,U4,Grocery planning,Medium,Pending
TASK1309,U211,Grocery planning,Medium,Completed
TASK1310,U128,Team meeting,High,Completed
TASK1311,U194,Code review,Medium,Pending
TASK1312,U217,Code review,High,Completed
TASK1313,U146,Grocery planning,Medium,Completed
TASK1314,U97,Project milestone,Low,Pending
TASK1315,U149,Project milestone,High,Completed
TASK1316,U232,Prepare presentation,High,Completed
TASK1317,U97,Submit assignment,Low,Pending
TASK1318,U26,Grocery planning,Low,Pending
TASK1319,U53,Prepare presentation,Medium,Pending
TASK1320,U225,Study session,Low,Pending
TASK1321,U78,Study session,Medium,Pending
TASK1322,U176,Research paper reading,Medium,Completed
TASK1323,U191,Workout plan,High,Pending
TASK1324,U170,Project milestone,Low,Pending
TASK1325,U137,Research paper reading,Low,Completed
TASK1326,U93,Code review,Medium,Completed
TASK1327,U7,Project milestone,High,Pending
TASK1328,U198,Workout plan,Low,Pending
TASK1329,U102,Workout plan,High,Pending
TASK1330,U267,Code review,Medium,Completed
TASK1331,U160,Submit assignment,Low,Pending
TASK1332,U282,Grocery planning,Low,Completed
TASK1333,U247,Prepare presentation,Low,Completed
TASK1334,U27,Code review,Low,Pending
TASK1335,U223,Submit assignment,Low,Pending
TASK1336,U142,Backend debugging,Low,Completed
TASK1337,U125,Study session,Low,Completed
TASK1338,U80,Submit assignment,Low,Pending
TASK1339,U81,Workout plan,Low,Completed
TASK1340,U31,Study session,Medium,Pending
TASK1341,U275,Project milestone,Low,Completed
TASK1342,U120,Submit assignment,High,Completed
TASK1343,U225,Code review,Low,Completed
TASK1344,U184,Team meeting,Medium,Pending
TASK1345,U249,Workout plan,High,Completed
TASK1346,U278,Workout plan,Low,Pending
TASK1347,U279,Submit assignment,Medium,Completed
TASK1348,U141,Backend debugging,High,Pending
TASK1349,U36,Grocery planning,Low,Completed
TASK1350,U152,Prepare presentation,High,Completed
TASK1351,U233,Study session,High,Completed
TASK1352,U95,Study session,High,Completed
TASK1353,U123,Submit assignment,High,Pending
TASK1354,U276,Research paper reading,Low,Completed
TASK1355,U283,Team meeting,High,Completed
TASK1356,U166,Research paper reading,High,Completed
TASK1357,U57,Project milestone,High,Pending
TASK1358,U23,Team meeting,Low,Pending
TASK1359,U104,Project milestone,Medium,Pending
TASK1360,U51,Study session,High,Completed
TASK1361,U251,Grocery planning,High,Completed
TASK1362,U26,Submit assignment,Low,Pending
TASK1363,U7,Code review,High,Completed
TASK1364,U41,Workout plan,High,Pending
TASK1365,U185,Grocery planning,High,Completed
TASK1366,U189,Study session,High,Completed
TASK1367,U271,Study session,High,Pending
TASK1368,U156,Project milestone,Low,Pending
TASK1369,U52,Code review,High,Completed
TASK1370,U98,Code review,High,Pending
TASK1371,U292,Team meeting,High,Completed
TASK1372,U55,Backend debugging,Medium,Completed
TASK1373,U219,Project milestone,Low,Pending
TASK1374,U282,Research paper reading,High,Completed
TASK1375,U81,Grocery planning,High,Completed
TASK1376,U181,Submit assignment,High,Completed
TASK1377,U191,Research paper reading,High,Completed
TASK1378,U166,Backend debugging,Low,Pending
TASK1379,U193,Grocery planning,High,Completed
TASK1380,U185,Workout plan,Medium,Completed
TASK1381,U1,Study session,Medium,Pending
TASK1382,U266,Team meeting,Medium,Pending
TASK1383,U154,Code review,Low,Completed
TASK1384,U12,Prepare presentation,High,Pending
TASK1385,U49,Study session,Medium,Completed
TASK1386,U80,Team meeting,Medium,Completed
TASK1387,U299,Code review,Low,Completed
TASK1388,U154,Project milestone,High,Completed
TASK1389,U292,Code review,High,Pending
TASK1390,U167,Workout plan,Low,Completed
TASK1391,U296,Project milestone,High,Completed
TASK1392,U20,Backend debugging,Medium,Pending
TASK1393,U29,Submit assignment,Medium,Completed
TASK1394,U214,Project milestone,Low,Pending
TASK1395,U196,Study session,Medium,Pending
TASK1396,U164,Grocery planning,High,Pending
TASK1397,U168,Grocery planning,High,Pending
TASK1398,U79,Study session,High,Completed
TASK1399,U229,Backend debugging,High,Pending
TASK1400,U114,Research paper reading,Medium,Completed
TASK1401,U76,Team meeting,Medium,Pending
TASK1402,U244,Backend debugging,High,Pending
TASK1403,U281,Research paper reading,Medium,Pending
TASK1404,U205,Grocery planning,Medium,Pending
TASK1405,U70,Workout plan,High,Pending
TASK1406,U250,Research paper reading,High,Pending
TASK1407,U288,Backend debugging,High,Pending
TASK1408,U125,Project milestone,Medium,Completed
TASK1409,U166,Backend debugging,Low,Pending
TASK1410,U212,Research paper reading,Medium,Completed
TASK1411,U98,Submit assignment,Medium,Pending
TASK1412,U157,Team meeting,Medium,Completed
TASK1413,U75,Workout plan,Low,Pending
TASK1414,U103,Submit assignment,Low,Pending
TASK1415,U58,Study session,Low,Pending
TASK1416,U148,Study session,Medium,Pending
TASK1417,U157,Workout plan,Medium,Pending
TASK1418,U170,Code review,High,Pending
TASK1419,U105,Grocery planning,High,Completed
TASK1420,U281,Workout plan,High,Pending
TASK1421,U10,Research paper reading,High,Pending
TASK1422,U131,Team meeting,Low,Completed
TASK1423,U103,Backend debugging,Medium,Pending
TASK1424,U239,Study session,Low,Completed
TASK1425,U139,Submit assignment,Low,Pending
TASK1426,U150,Research paper reading,Low,Completed
TASK1427,U261,Project milestone,Medium,Completed
TASK1428,U273,Project milestone,Low,Pending
TASK1429,U257,Workout plan,High,Pending
TASK1430,U21,Code review,High,Completed
TASK1431,U171,Workout plan,Medium,Pending
TASK1432,U10,Submit assignment,High,Completed
TASK1433,U182,Prepare presentation,Low,Completed
TASK1434,U32,Prepare presentation,Medium,Pending
TASK1435,U285,Prepare presentation,Low,Pending
TASK1436,U175,Research paper reading,High,Pending
TASK1437,U45,Research paper reading,High,Pending
TASK1438,U214,Code review,High,Pending
TASK1439,U219,Prepare presentation,High,Completed
TASK1440,U230,Grocery planning,Low,Pending
TASK1441,U71,Backend debugging,High,Pending
TASK1442,U71,Prepare presentation,High,Pending
TASK1443,U221,Team meeting,High,Pending
TASK1444,U163,Project milestone,High,Pending
TASK1445,U95,Submit assignment,Low,Pending
TASK1446,U164,Research paper reading,Medium,Completed
TASK1447,U227,Prepare presentation,Low,Pending
TASK1448,U55,Team meeting,Low,Pending
TASK1449,U137,Backend debugging,High,Pending
TASK1450,U119,Code review,High,Pending
TASK1451,U184,Project milestone,High,Completed
TASK1452,U69,Grocery planning,High,Completed
TASK1453,U192,Team meeting,Medium,Completed
TASK1454,U243,Team meeting,Low,Pending
TASK1455,U116,Study session,Medium,Pending
TASK1456,U139,Research paper reading,Low,Pending
TASK1457,U105,Project milestone,Low,Completed
TASK1458,U251,Submit assignment,Medium,Pending
TASK1459,U219,Research paper reading,Low,Completed
TASK1460,U161,Research paper reading,High,Pending
TASK1461,U267,Project milestone,Medium,Completed
TASK1462,U22,Code review,High,Completed
TASK1463,U21,Grocery planning,Medium,Pending
TASK1464,U98,Prepare presentation,Medium,Completed
TASK1465,U156,Prepare presentation,Medium,Pending
TASK1466,U217,Prepare presentation,High,Pending
TASK1467,U265,Team meeting,Medium,Completed
TASK1468,U47,Grocery planning,Low,Pending
TASK1469,U300,Grocery planning,Low,Completed
TASK1470,U212,Submit assignment,Medium,Pending
TASK1471,U92,Workout plan,High,Pending
TASK1472,U233,Project milestone,Medium,Completed
TASK1473,U84,Project milestone,Low,Pending
TASK1474,U231,Submit assignment,Low,Completed
TASK1475,U262,Backend debugging,Low,Completed
TASK1476,U282,Research paper reading,Low,Pending
TASK1477,U172,Backend debugging,High,Pending
TASK1478,U84,Team meeting,Low,Pending
TASK1479,U215,Prepare presentation,Medium,Completed
TASK1480,U148,Team meeting,Low,Pending
TASK1481,U104,Study session,High,Completed
TASK1482,U7,Workout plan,Medium,Completed
TASK1483,U279,Study session,High,Completed
TASK1484,U122,Code review,High,Completed
TASK1485,U233,Research paper reading,Medium,Pending
TASK1486,U4,Code review,High,Completed
TASK1487,U286,Code review,Low,Pending
TASK1488,U76,Study session,High,Completed
TASK1489,U19,Team meeting,Low,Completed
TASK1490,U170,Project milestone,Low,Pending
TASK1491,U214,Team meeting,Low,Completed
TASK1492,U294,Grocery planning,Low,Completed
TASK1493,U297,Submit assignment,Low,Pending
TASK1494,U154,Submit assignment,Medium,Completed
TASK1495,U35,Research paper reading,High,Pending
TASK1496,U150,Workout plan,Low,Pending
TASK1497,U141,Submit assignment,High,Completed
TASK1498,U269,Code review,High,Pending
TASK1499,U30,Project milestone,High,Pending
TASK1500,U248,Backend debugging,High,Completed
