timeId,dayType,period
TIME1,Weekend,Night
TIME2,Weekday,Afternoon
TIME3,Weekday,Morning
TIME4,Weekday,Afternoon
TIME5,Weekend,Morning
TIME6,Weekday,Afternoon
TIME7,Weekday,Morning
TIME8,Weekday,Afternoon
TIME9,Weekend,Afternoon
TIME10,Weekend,Morning
TIME11,Weekend,Evening
TIME12,Weekday,Evening
TIME13,Weekday,Night
TIME14,Weekend,Morning
TIME15,Weekday,Morning
TIME16,Weekend,Afternoon
TIME17,Weekend,Evening
TIME18,Weekday,Night
TIME19,Weekend,Evening
TIME20,Weekend,Afternoon
TIME21,Weekend,Evening
TIME22,Weekday,Morning
TIME23,Weekend,Night
TIME24,Weekend,Evening
TIME25,Weekday,Afternoon
TIME26,Weekday,Afternoon
TIME27,Weekend,Afternoon
TIME28,Weekday,Evening
TIME29,Weekday,Morning
TIME30,Weekday,Night
TIME31,Weekend,Morning
TIME32,Weekday,Night
TIME33,Weekday,Evening
TIME34,Weekend,Night
TIME35,Weekend,Morning
TIME36,Weekday,Evening
TIME37,Weekend,Night
TIME38,Weekday,Night
TIME39,Weekend,Night
TIME40,Weekday,Afternoon
TIME41,Weekday,Night
TIME42,Weekday,Night
TIME43,Weekday,Evening
TIME44,Weekday,Evening
TIME45,Weekday,Evening
TIME46,Weekend,Afternoon
TIME47,Weekday,Evening
TIME48,Weekend,Night
TIME49,Weekday,Morning
TIME50,Weekend,Evening
TIME51,Weekend,Night
TIME52,Weekend,Afternoon
TIME53,Weekend,Night
TIME54,Weekday,Afternoon
TIME55,Weekday,Evening
TIME56,Weekend,Morning
TIME57,Weekday,Evening
TIME58,Weekend,Night
TIME59,Weekday,Evening
TIME60,Weekend,Evening
TIME61,Weekend,Morning
TIME62,Weekday,Evening
TIME63,Weekend,Evening
TIME64,Weekday,Night
TIME65,Weekend,Morning
TIME66,Weekend,Morning
TIME67,Weekend,Morning
TIME68,Weekend,Night
TIME69,Weekday,Night
TIME70,Weekday,Morning
TIME71,Weekend,Evening
TIME72,Weekday,Night
TIME73,Weekday,Evening
TIME74,Weekend,Evening
TIME75,Weekend,Afternoon
TIME76,Weekday,Afternoon
TIME77,Weekday,Morning
TIME78,Weekday,Morning
TIME79,Weekday,Afternoon
TIME80,Weekend,Evening
TIME81,Weekday,Afternoon
TIME82,Weekday,Evening
TIME83,Weekend,Morning
TIME84,Weekend,Morning
TIME85,Weekday,Evening
TIME86,Weekday,Morning
TIME87,Weekend,Morning
TIME88,Weekday,Afternoon
TIME89,Weekday,Evening
TIME90,Weekend,Night
TIME91,Weekday,Night
TIME92,Weekend,Afternoon
TIME93,Weekday,Evening
TIME94,Weekend,Evening
TIME95,Weekend,Evening
TIME96,Weekend,Evening
TIME97,Weekday,Afternoon
TIME98,Weekend,Morning
TIME99,Weekend,Afternoon
TIME100,Weekday,Morning
TIME101,Weekday,Evening
TIME102,Weekend,Afternoon
TIME103,Weekend,Morning
TIME104,Weekday,Night
TIME105,Weekday,Morning
TIME106,Weekday,Night
TIME107,Weekday,Morning
TIME108,Weekend,Night
TIME109,Weekend,Evening
TIME110,Weekday,Evening
TIME111,Weekday,Evening
TIME112,Weekday,Evening
TIME113,Weekday,Night
TIME114,Weekend,Morning
TIME115,Weekday,Night
TIME116,Weekend,Evening
TIME117,Weekday,Evening
TIME118,Weekday,Evening
TIME119,Weekend,Afternoon
TIME120,Weekend,Night
TIME121,Weekday,Afternoon
TIME122,Weekday,Night
TIME123,Weekday,Evening
TIME124,Weekend,Evening
TIME125,Weekend,Morning
TIME126,Weekday,Night
TIME127,Weekend,Afternoon
TIME128,Weekend,Afternoon
TIME129,Weekday,Night
TIME130,Weekday,Afternoon
TIME131,Weekday,Night
TIME132,Weekend,Night
TIME133,Weekday,Afternoon
TIME134,Weekday,Night
TIME135,Weekday,Afternoon
TIME136,Weekday,Afternoon
TIME137,Weekend,Night
TIME138,Weekend,Afternoon
TIME139,Weekend,Afternoon
TIME140,Weekend,Morning
TIME141,Weekend,Evening
TIME142,Weekday,Morning
TIME143,Weekday,Evening
TIME144,Weekend,Night
TIME145,Weekend,Night
TIME146,Weekend,Night
TIME147,Weekday,Afternoon
TIME148,Weekday,Afternoon
TIME149,Weekday,Evening
TIME150,Weekend,Night
TIME151,Weekend,Night
TIME152,Weekday,Evening
TIME153,Weekday,Afternoon
TIME154,Weekend,Night
TIME155,Weekend,Morning
TIME156,Weekend,Evening
TIME157,Weekend,Night
TIME158,Weekend,Afternoon
TIME159,Weekday,Morning
TIME160,Weekday,Night
TIME161,Weekend,Evening
TIME162,Weekday,Evening
TIME163,Weekend,Afternoon
TIME164,Weekday,Evening
TIME165,Weekend,Night
TIME166,Weekend,Afternoon
TIME167,Weekday,Evening
TIME168,Weekend,Morning
TIME169,Weekday,Evening
TIME170,Weekday,Morning
TIME171,Weekday,Afternoon
TIME172,Weekday,Morning
TIME173,Weekday,Morning
TIME174,Weekend,Morning
TIME175,Weekend,Afternoon
TIME176,Weekend,Night
TIME177,Weekend,Afternoon
TIME178,Weekend,Evening
TIME179,Weekday,Morning
TIME180,Weekend,Night
TIME181,Weekend,Evening
TIME182,Weekday,Afternoon
TIME183,Weekend,Morning
TIME184,Weekend,Morning
TIME185,Weekday,Morning
TIME186,Weekend,Afternoon
TIME187,Weekend,Evening
TIME188,Weekend,Morning
TIME189,Weekend,Morning
TIME190,Weekend,Morning
TIME191,Weekend,Afternoon
TIME192,Weekday,Morning
TIME193,Weekday,Afternoon
TIME194,Weekend,Afternoon
TIME195,Weekday,Evening
TIME196,Weekend,Afternoon
TIME197,Weekend,Afternoon
TIME198,Weekend,Evening
TIME199,Weekday,Afternoon
TIME200,Weekday,Afternoon
TIME201,Weekday,Night
TIME202,Weekday,Night
TIME203,Weekday,Afternoon
TIME204,Weekday,Night
TIME205,Weekend,Night
TIME206,Weekday,Evening
TIME207,Weekend,Afternoon
TIME208,Weekend,Afternoon
TIME209,Weekend,Night
TIME210,Weekend,Night
TIME211,Weekend,Night
TIME212,Weekend,Morning
TIME213,Weekday,Morning
TIME214,Weekend,Night
TIME215,Weekend,Evening
TIME216,Weekday,Night
TIME217,Weekday,Afternoon
TIME218,Weekend,Evening
TIME219,Weekday,Evening
TIME220,Weekend,Afternoon
TIME221,Weekend,Night
TIME222,Weekend,Afternoon
TIME223,Weekday,Evening
TIME224,Weekend,Afternoon
TIME225,Weekend,Morning
TIME226,Weekend,Evening
TIME227,Weekend,Night
TIME228,Weekend,Night
TIME229,Weekend,Night
TIME230,Weekend,Morning
TIME231,Weekend,Night
TIME232,Weekday,Evening
TIME233,Weekday,Evening
TIME234,Weekend,Night
TIME235,Weekday,Afternoon
TIME236,Weekday,Morning
TIME237,Weekend,Afternoon
TIME238,Weekday,Morning
TIME239,Weekend,Morning
TIME240,Weekend,Evening
TIME241,Weekday,Morning
TIME242,Weekday,Evening
TIME243,Weekday,Afternoon
TIME244,Weekend,Afternoon
TIME245,Weekend,Afternoon
TIME246,Weekend,Evening
TIME247,Weekend,Afternoon
TIME248,Weekday,Morning
TIME249,Weekday,Morning
TIME250,Weekday,Night
TIME251,Weekend,Morning
TIME252,Weekday,Evening
TIME253,Weekend,Morning
TIME254,Weekday,Afternoon
TIME255,Weekday,Evening
TIME256,Weekday,Night
TIME257,Weekend,Afternoon
TIME258,Weekend,Morning
TIME259,Weekday,Morning
TIME260,Weekend,Morning
TIME261,Weekday,Afternoon
TIME262,Weekday,Night
TIME263,Weekday,Evening
TIME264,Weekend,Night
TIME265,Weekday,Evening
TIME266,Weekend,Night
TIME267,Weekday,Morning
TIME268,Weekend,Night
TIME269,Weekend,Evening
TIME270,Weekend,Morning
TIME271,Weekday,Night
TIME272,Weekend,Night
TIME273,Weekend,Afternoon
TIME274,Weekend,Morning
TIME275,Weekend,Night
TIME276,Weekend,Morning
TIME277,Weekend,Afternoon
TIME278,Weekday,Night
TIME279,Weekday,Night
TIME280,Weekend,Night
TIME281,Weekday,Evening
TIME282,Weekend,Afternoon
TIME283,Weekday,Morning
TIME284,Weekday,Afternoon
TIME285,Weekend,Afternoon
TIME286,Weekday,Afternoon
TIME287,Weekend,Night
TIME288,Weekday,Morning
TIME289,Weekend,Evening
TIME290,Weekend,Evening
TIME291,Weekend,Afternoon
TIME292,Weekday,Evening
TIME293,Weekend,Morning
TIME294,Weekend,Afternoon
TIME295,Weekend,Night
TIME296,Weekend,Afternoon
TIME297,Weekend,Night
TIME298,Weekend,Morning
TIME299,Weekday,Night
TIME300,Weekday,Night
TIME301,Weekday,Morning
TIME302,Weekday,Morning
TIME303,Weekday,Afternoon
TIME304,Weekend,Morning
TIME305,Weekday,Night
TIME306,Weekend,Afternoon
TIME307,Weekend,Afternoon
TIME308,Weekend,Night
TIME309,Weekday,Evening
TIME310,Weekday,Night
TIME311,Weekend,Evening
TIME312,Weekend,Evening
TIME313,Weekday,Afternoon
TIME314,Weekend,Afternoon
TIME315,Weekend,Evening
TIME316,Weekend,Night
TIME317,Weekday,Evening
TIME318,Weekday,Afternoon
TIME319,Weekend,Morning
TIME320,Weekend,Night
TIME321,Weekday,Afternoon
TIME322,Weekend,Morning
TIME323,Weekday,Evening
TIME324,Weekday,Afternoon
TIME325,Weekday,Night
TIME326,Weekend,Morning
TIME327,Weekday,Night
TIME328,Weekday,Morning
TIME329,Weekend,Afternoon
TIME330,Weekend,Morning
TIME331,Weekday,Evening
TIME332,Weekend,Night
TIME333,Weekend,Evening
TIME334,Weekend,Evening
TIME335,Weekday,Morning
TIME336,Weekday,Morning
TIME337,Weekday,Evening
TIME338,Weekday,Evening
TIME339,Weekday,Afternoon
TIME340,Weekend,Evening
TIME341,Weekend,Night
TIME342,Weekday,Afternoon
TIME343,Weekday,Afternoon
TIME344,Weekday,Morning
TIME345,Weekday,Afternoon
TIME346,Weekday,Night
TIME347,Weekday,Evening
TIME348,Weekday,Morning
TIME349,Weekday,Night
TIME350,Weekend,Night
TIME351,Weekend,Evening
TIME352,Weekday,Afternoon
TIME353,Weekend,Night
TIME354,Weekend,Night
TIME355,Weekend,Evening
TIME356,Weekend,Morning
TIME357,Weekday,Afternoon
TIME358,Weekend,Afternoon
TIME359,Weekend,Night
TIME360,Weekend,Evening
TIME361,Weekday,Night
TIME362,Weekend,Afternoon
TIME363,Weekday,Evening
TIME364,Weekend,Evening
TIME365,Weekend,Afternoon
TIME366,Weekday,Night
TIME367,Weekend,Afternoon
TIME368,Weekday,Afternoon
TIME369,Weekend,Evening
TIME370,Weekday,Morning
TIME371,Weekend,Evening
TIME372,Weekday,Evening
TIME373,Weekend,Morning
TIME374,Weekend,Morning
TIME375,Weekend,Night
TIME376,Weekend,Morning
TIME377,Weekend,Evening
TIME378,Weekday,Morning
TIME379,Weekend,Night
TIME380,Weekend,Afternoon
TIME381,Weekend,Morning
TIME382,Weekday,Evening
TIME383,Weekday,Afternoon
TIME384,Weekday,Afternoon
TIME385,Weekday,Night
TIME386,Weekday,Morning
TIME387,Weekend,Morning
TIME388,Weekend,Morning
TIME389,Weekend,Afternoon
TIME390,Weekday,Evening
TIME391,Weekend,Afternoon
TIME392,Weekend,Morning
TIME393,Weekend,Night
TIME394,Weekday,Morning
TIME395,Weekday,Afternoon
TIME396,Weekend,Morning
TIME397,Weekday,Night
TIME398,Weekday,Evening
TIME399,Weekday,Night
TIME400,Weekday,Morning
TIME401,Weekend,Evening
TIME402,Weekend,Morning
TIME403,Weekend,Night
TIME404,Weekday,Night
TIME405,Weekday,Morning
TIME406,Weekday,Afternoon
TIME407,Weekday,Afternoon
TIME408,Weekend,Morning
TIME409,Weekday,Morning
TIME410,Weekday,Evening
TIME411,Weekend,Morning
TIME412,Weekday,Evening
TIME413,Weekday,Afternoon
TIME414,Weekend,Morning
TIME415,Weekend,Evening
TIME416,Weekday,Evening
TIME417,Weekday,Evening
TIME418,Weekend,Afternoon
TIME419,Weekday,Evening
TIME420,Weekday,Afternoon
TIME421,Weekend,Evening
TIME422,Weekend,Evening
TIME423,Weekday,Night
TIME424,Weekend,Evening
TIME425,Weekend,Night
TIME426,Weekday,Morning
TIME427,Weekend,Afternoon
TIME428,Weekday,Night
TIME429,Weekend,Evening
TIME430,Weekday,Evening
TIME431,Weekend,Morning
TIME432,Weekday,Evening
TIME433,Weekday,Night
TIME434,Weekend,Morning
TIME435,Weekday,Afternoon
TIME436,Weekend,Afternoon
TIME437,Weekend,Evening
TIME438,Weekend,Night
TIME439,Weekday,Evening
TIME440,Weekday,Evening
TIME441,Weekday,Afternoon
TIME442,Weekend,Night
TIME443,Weekend,Evening
TIME444,Weekday,Afternoon
TIME445,Weekend,Evening
TIME446,Weekday,Night
TIME447,Weekday,Morning
TIME448,Weekend,Night
TIME449,Weekend,Night
TIME450,Weekend,Afternoon
TIME451,Weekend,Evening
TIME452,Weekend,Night
TIME453,Weekend,Evening
TIME454,Weekday,Afternoon
TIME455,Weekday,Night
TIME456,Weekend,Evening
TIME457,Weekend,Morning
TIME458,Weekday,Afternoon
TIME459,Weekend,Afternoon
TIME460,Weekday,Afternoon
TIME461,Weekend,Morning
TIME462,Weekday,Evening
TIME463,Weekday,Evening
TIME464,Weekend,Night
TIME465,Weekday,Night
TIME466,Weekday,Afternoon
TIME467,Weekday,Afternoon
TIME468,Weekend,Evening
TIME469,Weekday,Afternoon
TIME470,Weekday,Afternoon
TIME471,Weekend,Morning
TIME472,Weekday,Afternoon
TIME473,Weekend,Morning
TIME474,Weekend,Afternoon
TIME475,Weekend,Morning
TIME476,Weekend,Night
TIME477,Weekday,Night
TIME478,Weekend,Night
TIME479,Weekday,Morning
TIME480,Weekend,Afternoon
TIME481,Weekend,Afternoon
TIME482,Weekend,Evening
TIME483,Weekend,Night
TIME484,Weekend,Morning
TIME485,Weekend,Night
TIME486,Weekday,Afternoon
TIME487,Weekday,Afternoon
TIME488,Weekend,Evening
TIME489,Weekend,Morning
TIME490,Weekend,Morning
TIME491,Weekday,Afternoon
TIME492,Weekend,Afternoon
TIME493,Weekday,Afternoon
TIME494,Weekend,Night
TIME495,Weekday,Evening
TIME496,Weekend,Afternoon
TIME497,Weekend,Afternoon
TIME498,Weekend,Evening
TIME499,Weekend,Night
TIME500,Weekday,Evening
TIME501,Weekend,Afternoon
TIME502,Weekday,Night
TIME503,Weekday,Night
TIME504,Weekday,Evening
TIME505,Weekday,Night
TIME506,Weekday,Afternoon
TIME507,Weekend,Afternoon
TIME508,Weekend,Night
TIME509,Weekday,Night
TIME510,Weekend,Night
TIME511,Weekday,Evening
TIME512,Weekend,Evening
TIME513,Weekday,Night
TIME514,Weekend,Night
TIME515,Weekend,Evening
TIME516,Weekday,Afternoon
TIME517,Weekend,Night
TIME518,Weekday,Afternoon
TIME519,Weekday,Evening
TIME520,Weekend,Afternoon
TIME521,Weekend,Night
TIME522,Weekday,Night
TIME523,Weekend,Morning
TIME524,Weekday,Night
TIME525,Weekend,Evening
TIME526,Weekday,Evening
TIME527,Weekend,Night
TIME528,Weekend,Evening
TIME529,Weekday,Evening
TIME530,Weekday,Evening
TIME531,Weekend,Night
TIME532,Weekday,Night
TIME533,Weekend,Evening
TIME534,Weekday,Morning
TIME535,Weekend,Morning
TIME536,Weekend,Afternoon
TIME537,Weekday,Morning
TIME538,Weekday,Afternoon
TIME539,Weekday,Night
TIME540,Weekend,Evening
TIME541,Weekend,Night
TIME542,Weekday,Night
TIME543,Weekday,Morning
TIME544,Weekend,Evening
TIME545,Weekday,Afternoon
TIME546,Weekday,Night
TIME547,Weekday,Evening
TIME548,Weekend,Night
TIME549,Weekend,Morning
TIME550,Weekday,Evening
TIME551,Weekday,Night
TIME552,Weekday,Afternoon
TIME553,Weekend,Evening
TIME554,Weekday,Morning
TIME555,Weekend,Night
TIME556,Weekday,Night
TIME557,Weekend,Afternoon
TIME558,Weekend,Morning
TIME559,Weekend,Afternoon
TIME560,Weekend,Evening
TIME561,Weekday,Night
TIME562,Weekday,Morning
TIME563,Weekend,Afternoon
TIME564,Weekend,Evening
TIME565,Weekend,Evening
TIME566,Weekday,Afternoon
TIME567,Weekday,Morning
TIME568,Weekend,Afternoon
TIME569,Weekday,Evening
TIME570,Weekend,Night
TIME571,Weekend,Night
TIME572,Weekend,Morning
TIME573,Weekend,Evening
TIME574,Weekend,Evening
TIME575,Weekend,Afternoon
TIME576,Weekend,Night
TIME577,Weekday,Afternoon
TIME578,Weekend,Evening
TIME579,Weekend,Morning
TIME580,Weekday,Night
TIME581,Weekend,Morning
TIME582,Weekday,Evening
TIME583,Weekend,Evening
TIME584,Weekend,Night
TIME585,Weekend,Morning
TIME586,Weekday,Afternoon
TIME587,Weekend,Night
TIME588,Weekend,Morning
TIME589,Weekend,Night
TIME590,Weekday,Night
TIME591,Weekday,Night
TIME592,Weekday,Morning
TIME593,Weekend,Afternoon
TIME594,Weekday,Morning
TIME595,Weekend,Afternoon
TIME596,Weekday,Night
TIME597,Weekend,Evening
TIME598,Weekday,Night
TIME599,Weekend,Evening
TIME600,Weekend,Morning
TIME601,Weekend,Night
TIME602,Weekday,Night
TIME603,Weekend,Night
TIME604,Weekend,Night
TIME605,Weekday,Afternoon
TIME606,Weekend,Evening
TIME607,Weekday,Evening
TIME608,Weekend,Afternoon
TIME609,Weekday,Night
TIME610,Weekend,Night
TIME611,Weekend,Afternoon
TIME612,Weekday,Afternoon
TIME613,Weekday,Morning
TIME614,Weekend,Morning
TIME615,Weekend,Afternoon
TIME616,Weekday,Night
TIME617,Weekday,Evening
TIME618,Weekday,Night
TIME619,Weekday,Afternoon
TIME620,Weekend,Evening
TIME621,Weekday,Afternoon
TIME622,Weekend,Afternoon
TIME623,Weekend,Afternoon
TIME624,Weekend,Morning
TIME625,Weekday,Afternoon
TIME626,Weekend,Night
TIME627,Weekday,Night
TIME628,Weekday,Afternoon
TIME629,Weekend,Morning
TIME630,Weekend,Afternoon
TIME631,Weekday,Night
TIME632,Weekday,Morning
TIME633,Weekday,Night
TIME634,Weekend,Night
TIME635,Weekday,Night
TIME636,Weekend,Morning
TIME637,Weekday,Night
TIME638,Weekend,Morning
TIME639,Weekend,Night
TIME640,Weekday,Evening
TIME641,Weekend,Night
TIME642,Weekend,Morning
TIME643,Weekday,Afternoon
TIME644,Weekend,Morning
TIME645,Weekday,Evening
TIME646,Weekend,Evening
TIME647,Weekday,Afternoon
TIME648,Weekend,Afternoon
TIME649,Weekend,Morning
TIME650,Weekend,Morning
TIME651,Weekend,Night
TIME652,Weekday,Evening
TIME653,Weekend,Evening
TIME654,Weekend,Evening
TIME655,Weekend,Evening
TIME656,Weekend,Morning
TIME657,Weekday,Afternoon
TIME658,Weekend,Morning
TIME659,Weekday,Evening
TIME660,Weekend,Evening
TIME661,Weekend,Afternoon
TIME662,Weekend,Night
TIME663,Weekend,Evening
TIME664,Weekday,Afternoon
TIME665,Weekday,Evening
TIME666,Weekend,Evening
TIME667,Weekday,Morning
TIME668,Weekday,Evening
TIME669,Weekday,Morning
TIME670,Weekend,Evening
TIME671,Weekend,Night
TIME672,Weekday,Evening
TIME673,Weekday,Evening
TIME674,Weekend,Night
TIME675,Weekend,Afternoon
TIME676,Weekend,Afternoon
TIME677,Weekend,Night
TIME678,Weekday,Morning
TIME679,Weekend,Afternoon
TIME680,Weekend,Afternoon
TIME681,Weekday,Afternoon
TIME682,Weekend,Morning
TIME683,Weekday,Evening
TIME684,Weekend,Night
TIME685,Weekday,Afternoon
TIME686,Weekday,Evening
TIME687,Weekday,Night
TIME688,Weekday,Evening
TIME689,Weekday,Evening
TIME690,Weekday,Morning
TIME691,Weekend,Afternoon
TIME692,Weekday,Evening
TIME693,Weekday,Afternoon
TIME694,Weekday,Night
TIME695,Weekday,Morning
TIME696,Weekend,Evening
TIME697,Weekday,Afternoon
TIME698,Weekday,Afternoon
TIME699,Weekend,Morning
TIME700,Weekday,Afternoon
TIME701,Weekday,Night
TIME702,Weekend,Morning
TIME703,Weekday,Evening
TIME704,Weekday,Afternoon
TIME705,Weekend,Morning
TIME706,Weekend,Morning
TIME707,Weekend,Afternoon
TIME708,Weekday,Afternoon
TIME709,Weekend,Evening
TIME710,Weekday,Night
TIME711,Weekday,Night
TIME712,Weekday,Night
TIME713,Weekday,Evening
TIME714,Weekend,Evening
TIME715,Weekend,Afternoon
TIME716,Weekend,Night
TIME717,Weekend,Evening
TIME718,Weekend,Afternoon
TIME719,Weekend,Evening
TIME720,Weekend,Night
TIME721,Weekday,Afternoon
TIME722,Weekend,Morning
TIME723,Weekend,Night
TIME724,Weekend,Afternoon
TIME725,Weekday,Morning
TIME726,Weekend,Evening
TIME727,Weekday,Night
TIME728,Weekend,Afternoon
TIME729,Weekday,Morning
TIME730,Weekday,Afternoon
TIME731,Weekend,Evening
TIME732,Weekend,Night
TIME733,Weekday,Evening
TIME734,Weekday,Afternoon
TIME735,Weekend,Afternoon
TIME736,Weekday,Night
TIME737,Weekday,Afternoon
TIME738,Weekday,Evening
TIME739,Weekend,Night
TIME740,Weekend,Afternoon
TIME741,Weekend,Night
TIME742,Weekend,Evening
TIME743,Weekday,Evening
TIME744,Weekend,Evening
TIME745,Weekend,Night
TIME746,Weekend,Night
TIME747,Weekend,Night
TIME748,Weekday,Night
TIME749,Weekday,Night
TIME750,Weekend,Afternoon
TIME751,Weekend,Evening
TIME752,Weekday,Afternoon
TIME753,Weekday,Evening
TIME754,Weekend,Evening
TIME755,Weekday,Evening
TIME756,Weekend,Night
TIME757,Weekend,Afternoon
TIME758,Weekday,Night
TIME759,Weekend,Morning
TIME760,Weekday,Afternoon
TIME761,Weekday,Evening
TIME762,Weekend,Night
TIME763,Weekday,Night
TIME764,Weekend,Afternoon
TIME765,Weekend,Night
TIME766,Weekday,Morning
TIME767,Weekday,Evening
TIME768,Weekend,Evening
TIME769,Weekend,Evening
TIME770,Weekday,Night
TIME771,Weekday,Morning
TIME772,Weekend,Night
TIME773,Weekday,Afternoon
TIME774,Weekend,Afternoon
TIME775,Weekday,Night
TIME776,Weekday,Evening
TIME777,Weekend,Evening
TIME778,Weekday,Afternoon
TIME779,Weekday,Evening
TIME780,Weekend,Night
TIME781,Weekday,Afternoon
TIME782,Weekend,Night
TIME783,Weekday,Night
TIME784,Weekend,Evening
TIME785,Weekday,Evening
TIME786,Weekend,Morning
TIME787,Weekday,Morning
TIME788,Weekend,Night
TIME789,Weekend,Night
TIME790,Weekday,Morning
TIME791,Weekend,Morning
TIME792,Weekend,Morning
TIME793,Weekend,Night
TIME794,Weekend,Evening
TIME795,Weekday,Morning
TIME796,Weekday,Morning
TIME797,Weekday,Morning
TIME798,Weekend,Afternoon
TIME799,Weekday,Night
TIME800,Weekend,Night
TIME801,Weekend,Afternoon
TIME802,Weekend,Morning
TIME803,Weekday,Evening
TIME804,Weekend,Night
TIME805,Weekday,Night
TIME806,Weekend,Morning
TIME807,Weekend,Morning
TIME808,Weekday,Afternoon
TIME809,Weekend,Night
TIME810,Weekday,Evening
TIME811,Weekday,Evening
TIME812,Weekend,Afternoon
TIME813,Weekend,Afternoon
TIME814,Weekday,Afternoon
TIME815,Weekday,Evening
TIME816,Weekday,Morning
TIME817,Weekday,Morning
TIME818,Weekday,Evening
TIME819,Weekday,Evening
TIME820,Weekend,Afternoon
TIME821,Weekday,Afternoon
TIME822,Weekend,Afternoon
TIME823,Weekend,Evening
TIME824,Weekday,Afternoon
TIME825,Weekend,Morning
TIME826,Weekday,Night
TIME827,Weekday,Night
TIME828,Weekday,Night
TIME829,Weekday,Night
TIME830,Weekday,Night
TIME831,Weekend,Night
TIME832,Weekday,Afternoon
TIME833,Weekend,Morning
TIME834,Weekday,Afternoon
TIME835,Weekday,Afternoon
TIME836,Weekday,Morning
TIME837,Weekend,Evening
TIME838,Weekend,Night
TIME839,Weekday,Afternoon
TIME840,Weekday,Evening
TIME841,Weekend,Evening
TIME842,Weekday,Night
TIME843,Weekday,Morning
TIME844,Weekend,Night
TIME845,Weekend,Morning
TIME846,Weekend,Evening
TIME847,Weekend,Morning
TIME848,Weekend,Evening
TIME849,Weekday,Morning
TIME850,Weekend,Night
TIME851,Weekday,Evening
TIME852,Weekend,Morning
TIME853,Weekday,Afternoon
TIME854,Weekday,Morning
TIME855,Weekday,Afternoon
TIME856,Weekday,Night
TIME857,Weekday,Morning
TIME858,Weekday,Evening
TIME859,Weekend,Night
TIME860,Weekday,Night
TIME861,Weekday,Afternoon
TIME862,Weekday,Afternoon
TIME863,Weekend,Morning
TIME864,Weekday,Morning
TIME865,Weekend,Afternoon
TIME866,Weekend,Night
TIME867,Weekend,Evening
TIME868,Weekend,Morning
TIME869,Weekday,Evening
TIME870,Weekday,Night
TIME871,Weekday,Afternoon
TIME872,Weekend,Morning
TIME873,Weekend,Afternoon
TIME874,Weekday,Morning
TIME875,Weekday,Evening
TIME876,Weekday,Morning
TIME877,Weekend,Morning
TIME878,Weekday,Night
TIME879,Weekend,Night
TIME880,Weekend,Afternoon
TIME881,Weekday,Evening
TIME882,Weekend,Night
TIME883,Weekend,Afternoon
TIME884,Weekend,Evening
TIME885,Weekday,Night
TIME886,Weekend,Afternoon
TIME887,Weekday,Afternoon
TIME888,Weekday,Afternoon
TIME889,Weekday,Morning
TIME890,Weekday,Night
TIME891,Weekend,Morning
TIME892,Weekday,Afternoon
TIME893,Weekend,Afternoon
TIME894,Weekend,Evening
TIME895,Weekend,Evening
TIME896,Weekday,Evening
TIME897,Weekend,Evening
TIME898,Weekday,Morning
TIME899,Weekend,Morning
TIME900,Weekday,Afternoon
TIME901,Weekday,Afternoon
TIME902,Weekday,Afternoon
TIME903,Weekday,Night
TIME904,Weekend,Morning
TIME905,Weekend,Night
TIME906,Weekend,Afternoon
TIME907,Weekend,Night
TIME908,Weekday,Night
TIME909,Weekend,Night
TIME910,Weekday,Evening
TIME911,Weekend,Evening
TIME912,Weekday,Evening
TIME913,Weekend,Night
TIME914,Weekend,Morning
TIME915,Weekend,Evening
TIME916,Weekday,Evening
TIME917,Weekend,Morning
TIME918,Weekday,Morning
TIME919,Weekday,Night
TIME920,Weekday,Morning
TIME921,Weekend,Afternoon
TIME922,Weekend,Evening
TIME923,Weekend,Night
TIME924,Weekday,Afternoon
TIME925,Weekend,Afternoon
TIME926,Weekday,Afternoon
TIME927,Weekday,Afternoon
TIME928,Weekend,Afternoon
TIME929,Weekday,Evening
TIME930,Weekday,Afternoon
TIME931,Weekend,Afternoon
TIME932,Weekday,Afternoon
TIME933,Weekday,Afternoon
TIME934,Weekend,Afternoon
TIME935,Weekend,Morning
TIME936,Weekend,Evening
TIME937,Weekend,Night
TIME938,Weekend,Night
TIME939,Weekend,Afternoon
TIME940,Weekend,Morning
TIME941,Weekday,Evening
TIME942,Weekend,Afternoon
TIME943,Weekday,Morning
TIME944,Weekend,Afternoon
TIME945,Weekday,Night
TIME946,Weekday,Afternoon
TIME947,Weekend,Afternoon
TIME948,Weekend,Night
TIME949,Weekday,Afternoon
TIME950,Weekend,Morning
TIME951,Weekday,Evening
TIME952,Weekday,Night
TIME953,Weekday,Afternoon
TIME954,Weekday,Night
TIME955,Weekday,Evening
TIME956,Weekend,Morning
TIME957,Weekday,Evening
TIME958,Weekday,Night
TIME959,Weekday,Night
TIME960,Weekend,Morning
TIME961,Weekend,Afternoon
TIME962,Weekday,Evening
TIME963,Weekend,Morning
TIME964,Weekend,Evening
TIME965,Weekday,Night
TIME966,Weekend,Afternoon
TIME967,Weekend,Evening
TIME968,Weekday,Morning
TIME969,Weekday,Evening
TIME970,Weekday,Night
TIME971,Weekend,Night
TIME972,Weekday,Morning
TIME973,Weekend,Evening
TIME974,Weekend,Evening
TIME975,Weekend,Evening
TIME976,Weekend,Morning
TIME977,Weekday,Morning
TIME978,Weekend,Afternoon
TIME979,Weekend,Afternoon
TIME980,Weekend,Evening
TIME981,Weekday,Night
TIME982,Weekend,Night
TIME983,Weekday,Morning
TIME984,Weekday,Morning
TIME985,Weekday,Afternoon
TIME986,Weekend,Night
TIME987,Weekend,Morning
TIME988,Weekend,Night
TIME989,Weekend,Morning
TIME990,Weekend,Night
TIME991,Weekday,Afternoon
TIME992,Weekday,Morning
TIME993,Weekend,Morning
TIME994,Weekend,Night
TIME995,Weekday,Night
TIME996,Weekend,Evening
TIME997,Weekend,Evening
TIME998,Weekday,Evening
TIME999,Weekend,Morning
TIME1000,Weekend,Night
TIME1001,Weekend,Afternoon
TIME1002,Weekday,Evening
TIME1003,Weekend,Evening
TIME1004,Weekday,Night
TIME1005,Weekday,Evening
TIME1006,Weekend,Afternoon
TIME1007,Weekend,Evening
TIME1008,Weekday,Morning
TIME1009,Weekend,Evening
TIME1010,Weekend,Afternoon
TIME1011,Weekend,Afternoon
TIME1012,Weekend,Night
TIME1013,Weekend,Evening
TIME1014,Weekend,Evening
TIME1015,Weekday,Afternoon
TIME1016,Weekend,Morning
TIME1017,Weekday,Afternoon
TIME1018,Weekend,Evening
TIME1019,Weekday,Night
TIME1020,Weekday,Afternoon
TIME1021,Weekday,Morning
TIME1022,Weekend,Evening
TIME1023,Weekday,Evening
TIME1024,Weekend,Night
TIME1025,Weekday,Night
TIME1026,Weekday,Evening
TIME1027,Weekday,Evening
TIME1028,Weekday,Night
TIME1029,Weekday,Afternoon
TIME1030,Weekday,Evening
TIME1031,Weekday,Night
TIME1032,Weekday,Afternoon
TIME1033,Weekday,Afternoon
TIME1034,Weekend,Afternoon
TIME1035,Weekday,Morning
TIME1036,Weekend,Afternoon
TIME1037,Weekday,Night
TIME1038,Weekend,Night
TIME1039,Weekday,Night
TIME1040,Weekday,Night
TIME1041,Weekend,Evening
TIME1042,Weekend,Evening
TIME1043,Weekend,Evening
TIME1044,Weekend,Afternoon
TIME1045,Weekend,Evening
TIME1046,Weekday,Afternoon
TIME1047,Weekend,Afternoon
TIME1048,Weekday,Morning
TIME1049,Weekend,Evening
TIME1050,Weekday,Afternoon
TIME1051,Weekend,Afternoon
TIME1052,Weekend,Evening
TIME1053,Weekday,Night
TIME1054,Weekend,Night
TIME1055,Weekend,Morning
TIME1056,Weekday,Morning
TIME1057,Weekend,Morning
TIME1058,Weekend,Night
TIME1059,Weekday,Morning
TIME1060,Weekend,Morning
TIME1061,Weekend,Evening
TIME1062,Weekday,Night
TIME1063,Weekend,Afternoon
TIME1064,Weekend,Afternoon
TIME1065,Weekend,Evening
TIME1066,Weekend,Evening
TIME1067,Weekday,Night
TIME1068,Weekday,Evening
TIME1069,Weekday,Morning
TIME1070,Weekend,Morning
TIME1071,Weekday,Morning
TIME1072,Weekend,Afternoon
TIME1073,Weekday,Afternoon
TIME1074,Weekday,Afternoon
TIME1075,Weekday,Night
TIME1076,Weekday,Evening
TIME1077,Weekday,Morning
TIME1078,Weekend,Night
TIME1079,Weekend,Night
TIME1080,Weekend,Afternoon
TIME1081,Weekend,Afternoon
TIME1082,Weekday,Evening
TIME1083,Weekend,Afternoon
TIME1084,Weekend,Evening
TIME1085,Weekend,Morning
TIME1086,Weekday,Evening
TIME1087,Weekend,Afternoon
TIME1088,Weekday,Evening
TIME1089,Weekday,Evening
TIME1090,Weekend,Morning
TIME1091,Weekend,Morning
TIME1092,Weekday,Morning
TIME1093,Weekend,Morning
TIME1094,Weekday,Morning
TIME1095,Weekday,Morning
TIME1096,Weekend,Night
TIME1097,Weekend,Morning
TIME1098,Weekend,Morning
TIME1099,Weekday,Afternoon
TIME1100,Weekend,Afternoon
TIME1101,Weekday,Evening
TIME1102,Weekday,Afternoon
TIME1103,Weekend,Afternoon
TIME1104,Weekend,Afternoon
TIME1105,Weekday,Night
TIME1106,Weekday,Morning
TIME1107,Weekday,Evening
TIME1108,Weekend,Morning
TIME1109,Weekend,Afternoon
TIME1110,Weekday,Morning
TIME1111,Weekend,Afternoon
TIME1112,Weekday,Evening
TIME1113,Weekend,Night
TIME1114,Weekend,Morning
TIME1115,Weekday,Evening
TIME1116,Weekday,Evening
TIME1117,Weekday,Afternoon
TIME1118,Weekend,Afternoon
TIME1119,Weekend,Morning
TIME1120,Weekend,Morning
TIME1121,Weekend,Morning
TIME1122,Weekday,Evening
TIME1123,Weekend,Afternoon
TIME1124,Weekend,Evening
TIME1125,Weekday,Night
TIME1126,Weekday,Evening
TIME1127,Weekend,Night
TIME1128,Weekend,Night
TIME1129,Weekday,Night
TIME1130,Weekday,Night
TIME1131,Weekday,Evening
TIME1132,Weekend,Night
TIME1133,Weekend,Night
TIME1134,Weekend,Morning
TIME1135,Weekday,Afternoon
TIME1136,Weekday,Evening
TIME1137,Weekday,Evening
TIME1138,Weekday,Morning
TIME1139,Weekday,Evening
TIME1140,Weekend,Afternoon
TIME1141,Weekend,Morning
TIME1142,Weekend,Afternoon
TIME1143,Weekend,Morning
TIME1144,Weekday,Morning
TIME1145,Weekend,Afternoon
TIME1146,Weekday,Evening
TIME1147,Weekday,Afternoon
TIME1148,Weekend,Afternoon
TIME1149,Weekday,Morning
TIME1150,Weekend,Afternoon
TIME1151,Weekday,Evening
TIME1152,Weekday,Afternoon
TIME1153,Weekend,Afternoon
TIME1154,Weekend,Afternoon
TIME1155,Weekend,Night
TIME1156,Weekday,Afternoon
TIME1157,Weekday,Afternoon
TIME1158,Weekend,Night
TIME1159,Weekend,Afternoon
TIME1160,Weekend,Night
TIME1161,Weekday,Night
TIME1162,Weekend,Night
TIME1163,Weekend,Afternoon
TIME1164,Weekend,Evening
TIME1165,Weekday,Night
TIME1166,Weekday,Night
TIME1167,Weekday,Afternoon
TIME1168,Weekday,Morning
TIME1169,Weekday,Afternoon
TIME1170,Weekend,Morning
TIME1171,Weekday,Evening
TIME1172,Weekday,Evening
TIME1173,Weekend,Evening
TIME1174,Weekend,Evening
TIME1175,Weekend,Morning
TIME1176,Weekday,Night
TIME1177,Weekday,Morning
TIME1178,Weekend,Afternoon
TIME1179,Weekday,Morning
TIME1180,Weekend,Night
TIME1181,Weekday,Morning
TIME1182,Weekday,Morning
TIME1183,Weekend,Afternoon
TIME1184,Weekday,Morning
TIME1185,Weekday,Night
TIME1186,Weekend,Night
TIME1187,Weekday,Night
TIME1188,Weekday,Afternoon
TIME1189,Weekday,Evening
TIME1190,Weekday,Morning
TIME1191,Weekday,Evening
TIME1192,Weekend,Afternoon
TIME1193,Weekend,Night
TIME1194,Weekday,Morning
TIME1195,Weekend,Night
TIME1196,Weekday,Evening
TIME1197,Weekday,Afternoon
TIME1198,Weekday,Afternoon
TIME1199,Weekend,Night
TIME1200,Weekday,Night
TIME1201,Weekday,Afternoon
TIME1202,Weekend,Afternoon
TIME1203,Weekday,Evening
TIME1204,Weekday,Morning
TIME1205,Weekday,Night
TIME1206,Weekday,Afternoon
TIME1207,Weekend,Evening
TIME1208,Weekday,Afternoon
TIME1209,Weekday,Afternoon
TIME1210,Weekday,Night
TIME1211,Weekday,Morning
TIME1212,Weekend,Morning
TIME1213,Weekday,Morning
TIME1214,Weekday,Morning
TIME1215,Weekend,Night
TIME1216,Weekend,Night
TIME1217,Weekend,Afternoon
TIME1218,Weekend,Evening
TIME1219,Weekend,Night
TIME1220,Weekend,Afternoon
TIME1221,Weekend,Evening
TIME1222,Weekday,Afternoon
TIME1223,Weekend,Afternoon
TIME1224,Weekend,Evening
TIME1225,Weekday,Evening
TIME1226,Weekday,Night
TIME1227,Weekend,Afternoon
TIME1228,Weekday,Night
TIME1229,Weekend,Afternoon
TIME1230,Weekend,Afternoon
TIME1231,Weekend,Afternoon
TIME1232,Weekend,Night
TIME1233,Weekend,Night
TIME1234,Weekend,Night
TIME1235,Weekend,Night
TIME1236,Weekend,Evening
TIME1237,Weekend,Night
TIME1238,Weekday,Afternoon
TIME1239,Weekday,Afternoon
TIME1240,Weekday,Afternoon
TIME1241,Weekend,Night
TIME1242,Weekend,Evening
TIME1243,Weekend,Afternoon
TIME1244,Weekend,Afternoon
TIME1245,Weekend,Morning
TIME1246,Weekend,Evening
TIME1247,Weekend,Morning
TIME1248,Weekday,Afternoon
TIME1249,Weekend,Afternoon
TIME1250,Weekend,Night
TIME1251,Weekday,Night
TIME1252,Weekday,Afternoon
TIME1253,Weekend,Afternoon
TIME1254,Weekend,Afternoon
TIME1255,Weekend,Afternoon
TIME1256,Weekday,Night
TIME1257,Weekend,Night
TIME1258,Weekday,Afternoon
TIME1259,Weekend,Evening
TIME1260,Weekday,Morning
TIME1261,Weekday,Morning
TIME1262,Weekday,Morning
TIME1263,Weekday,Evening
TIME1264,Weekday,Evening
TIME1265,Weekend,Afternoon
TIME1266,Weekday,Afternoon
TIME1267,Weekend,Morning
TIME1268,Weekend,Evening
TIME1269,Weekend,Night
TIME1270,Weekend,Afternoon
TIME1271,Weekend,Evening
TIME1272,Weekday,Afternoon
TIME1273,Weekday,Afternoon
TIME1274,Weekend,Morning
TIME1275,Weekend,Afternoon
TIME1276,Weekend,Evening
TIME1277,Weekday,Morning
TIME1278,Weekday,Night
TIME1279,Weekday,Morning
TIME1280,Weekday,Night
TIME1281,Weekend,Night
TIME1282,Weekend,Afternoon
TIME1283,Weekday,Evening
TIME1284,Weekend,Afternoon
TIME1285,Weekend,Morning
TIME1286,Weekend,Evening
TIME1287,Weekend,Morning
TIME1288,Weekend,Morning
TIME1289,Weekday,Afternoon
TIME1290,Weekend,Night
TIME1291,Weekday,Morning
TIME1292,Weekday,Evening
TIME1293,Weekend,Morning
TIME1294,Weekend,Night
TIME1295,Weekday,Night
TIME1296,Weekday,Evening
TIME1297,Weekend,Afternoon
TIME1298,Weekend,Morning
TIME1299,Weekend,Evening
TIME1300,Weekday,Morning
TIME1301,Weekday,Evening
TIME1302,Weekend,Night
TIME1303,Weekend,Evening
TIME1304,Weekday,Evening
TIME1305,Weekend,Morning
TIME1306,Weekend,Morning
TIME1307,Weekday,Morning
TIME1308,Weekday,Evening
TIME1309,Weekend,Afternoon
TIME1310,Weekend,Night
TIME1311,Weekend,Morning
TIME1312,Weekend,Night
TIME1313,Weekend,Evening
TIME1314,Weekend,Night
TIME1315,Weekend,Afternoon
TIME1316,Weekend,Evening
TIME1317,Weekday,Night
TIME1318,Weekend,Evening
TIME1319,Weekday,Night
TIME1320,Weekday,Evening
TIME1321,Weekday,Morning
TIME1322,Weekday,Morning
TIME1323,Weekday,Morning
TIME1324,Weekday,Evening
TIME1325,Weekday,Afternoon
TIME1326,Weekday,Morning
TIME1327,Weekday,Morning
TIME1328,Weekday,Evening
TIME1329,Weekday,Afternoon
TIME1330,Weekend,Evening
TIME1331,Weekday,Morning
TIME1332,Weekday,Afternoon
TIME1333,Weekday,Morning
TIME1334,Weekday,Morning
TIME1335,Weekday,Morning
TIME1336,Weekend,Afternoon
TIME1337,Weekday,Morning
TIME1338,Weekday,Night
TIME1339,Weekend,Afternoon
TIME1340,Weekend,Afternoon
TIME1341,Weekend,Afternoon
TIME1342,Weekend,Evening
TIME1343,Weekday,Night
TIME1344,Weekday,Morning
TIME1345,Weekday,Afternoon
TIME1346,Weekday,Evening
TIME1347,Weekday,Afternoon
TIME1348,Weekday,Morning
TIME1349,Weekday,Afternoon
TIME1350,Weekend,Afternoon
TIME1351,Weekday,Night
TIME1352,Weekend,Night
TIME1353,Weekend,Afternoon
TIME1354,Weekend,Evening
TIME1355,Weekend,Afternoon
TIME1356,Weekday,Evening
TIME1357,Weekend,Afternoon
TIME1358,Weekday,Morning
TIME1359,Weekday,Night
TIME1360,Weekend,Morning
TIME1361,Weekend,Morning
TIME1362,Weekend,Morning
TIME1363,Weekday,Evening
TIME1364,Weekend,Morning
TIME1365,Weekend,Evening
TIME1366,Weekend,Evening
TIME1367,Weekend,Evening
TIME1368,Weekend,Evening
TIME1369,Weekend,Evening
TIME1370,Weekday,Afternoon
TIME1371,Weekday,Morning
TIME1372,Weekend,Night
TIME1373,Weekend,Night
TIME1374,Weekend,Night
TIME1375,Weekend,Night
TIME1376,Weekend,Afternoon
TIME1377,Weekday,Night
TIME1378,Weekend,Morning
TIME1379,Weekday,Evening
TIME1380,Weekend,Afternoon
TIME1381,Weekend,Evening
TIME1382,Weekday,Night
TIME1383,Weekday,Afternoon
TIME1384,Weekday,Afternoon
TIME1385,Weekday,Morning
TIME1386,Weekend,Night
TIME1387,Weekday,Evening
TIME1388,Weekend,Afternoon
TIME1389,Weekday,Night
TIME1390,Weekend,Afternoon
TIME1391,Weekend,Evening
TIME1392,Weekday,Afternoon
TIME1393,Weekend,Night
TIME1394,Weekend,Night
TIME1395,Weekday,Night
TIME1396,Weekday,Evening
TIME1397,Weekday,Morning
TIME1398,Weekend,Night
TIME1399,Weekend,Afternoon
TIME1400,Weekday,Night
TIME1401,Weekday,Night
TIME1402,Weekend,Morning
TIME1403,Weekend,Afternoon
TIME1404,Weekend,Evening
TIME1405,Weekend,Morning
TIME1406,Weekday,Evening
TIME1407,Weekend,Evening
TIME1408,Weekday,Evening
TIME1409,Weekend,Morning
TIME1410,Weekday,Night
TIME1411,Weekend,Night
TIME1412,Weekday,Afternoon
TIME1413,Weekend,Afternoon
TIME1414,Weekend,Night
TIME1415,Weekend,Evening
TIME1416,Weekend,Afternoon
TIME1417,Weekday,Evening
TIME1418,Weekday,Afternoon
TIME1419,Weekday,Night
TIME1420,Weekend,Morning
TIME1421,Weekend,Morning
TIME1422,Weekend,Afternoon
TIME1423,Weekend,Morning
TIME1424,Weekend,Night
TIME1425,Weekend,Morning
TIME1426,Weekend,Night
TIME1427,Weekday,Evening
TIME1428,Weekday,Evening
TIME1429,Weekday,Night
TIME1430,Weekday,Afternoon
TIME1431,Weekday,Evening
TIME1432,Weekend,Night
TIME1433,Weekday,Evening
TIME1434,Weekend,Night
TIME1435,Weekend,Afternoon
TIME1436,Weekday,Morning
TIME1437,Weekend,Morning
TIME1438,Weekday,Evening
TIME1439,Weekday,Night
TIME1440,Weekend,Morning
TIME1441,Weekend,Evening
TIME1442,Weekday,Afternoon
TIME1443,Weekend,Morning
TIME1444,Weekday,Night
TIME1445,Weekday,Evening
TIME1446,Weekend,Afternoon
TIME1447,Weekend,Night
TIME1448,Weekday,Night
TIME1449,Weekend,Morning
TIME1450,Weekend,Night
TIME1451,Weekend,Afternoon
TIME1452,Weekend,Evening
TIME1453,Weekday,Afternoon
TIME1454,Weekend,Morning
TIME1455,Weekday,Morning
TIME1456,Weekend,Night
TIME1457,Weekend,Afternoon
TIME1458,Weekend,Night
TIME1459,Weekday,Night
TIME1460,Weekend,Night
TIME1461,Weekday,Evening
TIME1462,Weekday,Evening
TIME1463,Weekend,Morning
TIME1464,Weekday,Afternoon
TIME1465,Weekend,Morning
TIME1466,Weekday,Afternoon
TIME1467,Weekday,Morning
TIME1468,Weekday,Afternoon
TIME1469,Weekday,Evening
TIME1470,Weekend,Evening
TIME1471,Weekday,Night
TIME1472,Weekend,Morning
TIME1473,Weekend,Night
TIME1474,Weekday,Night
TIME1475,Weekend,Afternoon
TIME1476,Weekday,Afternoon
TIME1477,Weekend,Afternoon
TIME1478,Weekday,Evening
TIME1479,Weekday,Afternoon
TIME1480,Weekday,Morning
TIME1481,Weekday,Afternoon
TIME1482,Weekend,Morning
TIME1483,Weekday,Afternoon
TIME1484,Weekday,Afternoon
TIME1485,Weekday,Evening
TIME1486,Weekend,Night
TIME1487,Weekend,Morning
TIME1488,Weekend,Night
TIME1489,Weekday,Night
TIME1490,Weekday,Morning
TIME1491,Weekday,Morning
TIME1492,Weekday,Afternoon
TIME1493,Weekend,Morning
TIME1494,Weekend,Morning
TIME1495,Weekend,Afternoon
TIME1496,Weekend,Afternoon
TIME1497,Weekday,Morning
TIME1498,Weekend,Evening
TIME1499,Weekend,Night
TIME1500,Weekday,Afternoon
TIME1501,Weekend,Evening
TIME1502,Weekday,Evening
TIME1503,Weekend,Night
TIME1504,Weekday,Evening
TIME1505,Weekend,Morning
TIME1506,Weekend,Night
TIME1507,Weekday,Afternoon
TIME1508,Weekday,Morning
TIME1509,Weekend,Morning
TIME1510,Weekday,Afternoon
TIME1511,Weekend,Afternoon
TIME1512,Weekend,Evening
TIME1513,Weekend,Morning
TIME1514,Weekday,Evening
TIME1515,Weekday,Morning
TIME1516,Weekend,Morning
TIME1517,Weekday,Afternoon
TIME1518,Weekend,Afternoon
TIME1519,Weekend,Night
TIME1520,Weekend,Night
TIME1521,Weekend,Afternoon
TIME1522,Weekend,Night
TIME1523,Weekend,Afternoon
TIME1524,Weekday,Morning
TIME1525,Weekday,Morning
TIME1526,Weekday,Morning
TIME1527,Weekend,Morning
TIME1528,Weekend,Night
TIME1529,Weekend,Afternoon
TIME1530,Weekday,Morning
TIME1531,Weekend,Afternoon
TIME1532,Weekday,Night
TIME1533,Weekend,Morning
TIME1534,Weekend,Night
TIME1535,Weekday,Evening
TIME1536,Weekday,Morning
TIME1537,Weekend,Afternoon
TIME1538,Weekend,Night
TIME1539,Weekday,Morning
TIME1540,Weekday,Night
TIME1541,Weekday,Morning
TIME1542,Weekday,Morning
TIME1543,Weekday,Night
TIME1544,Weekend,Evening
TIME1545,Weekday,Night
TIME1546,Weekday,Afternoon
TIME1547,Weekday,Morning
TIME1548,Weekend,Night
TIME1549,Weekday,Morning
TIME1550,Weekend,Night
TIME1551,Weekend,Night
TIME1552,Weekday,Morning
TIME1553,Weekday,Morning
TIME1554,Weekend,Evening
TIME1555,Weekend,Afternoon
TIME1556,Weekend,Morning
TIME1557,Weekend,Afternoon
TIME1558,Weekday,Night
TIME1559,Weekday,Morning
TIME1560,Weekend,Night
TIME1561,Weekday,Morning
TIME1562,Weekend,Evening
TIME1563,Weekday,Evening
TIME1564,Weekend,Night
TIME1565,Weekday,Evening
TIME1566,Weekend,Afternoon
TIME1567,Weekend,Evening
TIME1568,Weekend,Afternoon
TIME1569,Weekend,Evening
TIME1570,Weekend,Evening
TIME1571,Weekend,Afternoon
TIME1572,Weekend,Night
TIME1573,Weekend,Night
TIME1574,Weekday,Evening
TIME1575,Weekday,Evening
TIME1576,Weekend,Night
TIME1577,Weekend,Afternoon
TIME1578,Weekday,Evening
TIME1579,Weekday,Evening
TIME1580,Weekday,Afternoon
TIME1581,Weekday,Night
TIME1582,Weekday,Night
TIME1583,Weekday,Morning
TIME1584,Weekday,Morning
TIME1585,Weekend,Afternoon
TIME1586,Weekday,Evening
TIME1587,Weekend,Morning
TIME1588,Weekend,Evening
TIME1589,Weekend,Night
TIME1590,Weekday,Evening
TIME1591,Weekend,Morning
TIME1592,Weekday,Night
TIME1593,Weekday,Afternoon
TIME1594,Weekday,Morning
TIME1595,Weekend,Afternoon
TIME1596,Weekday,Evening
TIME1597,Weekday,Night
TIME1598,Weekend,Afternoon
TIME1599,Weekday,Afternoon
TIME1600,Weekday,Morning
TIME1601,Weekday,Evening
TIME1602,Weekday,Afternoon
TIME1603,Weekday,Morning
TIME1604,Weekday,Evening
TIME1605,Weekend,Morning
TIME1606,Weekend,Evening
TIME1607,Weekend,Morning
TIME1608,Weekend,Evening
TIME1609,Weekend,Evening
TIME1610,Weekday,Evening
TIME1611,Weekend,Night
TIME1612,Weekday,Night
TIME1613,Weekday,Night
TIME1614,Weekend,Evening
TIME1615,Weekday,Evening
TIME1616,Weekend,Night
TIME1617,Weekday,Night
TIME1618,Weekend,Night
TIME1619,Weekday,Night
TIME1620,Weekday,Night
TIME1621,Weekday,Night
TIME1622,Weekend,Morning
TIME1623,Weekday,Afternoon
TIME1624,Weekday,Night
TIME1625,Weekend,Evening
TIME1626,Weekday,Night
TIME1627,Weekday,Evening
TIME1628,Weekend,Night
TIME1629,Weekday,Night
TIME1630,Weekday,Morning
TIME1631,Weekday,Morning
TIME1632,Weekend,Morning
TIME1633,Weekday,Night
TIME1634,Weekend,Night
TIME1635,Weekday,Evening
TIME1636,Weekday,Night
TIME1637,Weekday,Night
TIME1638,Weekend,Afternoon
TIME1639,Weekday,Evening
TIME1640,Weekend,Night
TIME1641,Weekday,Afternoon
TIME1642,Weekday,Afternoon
TIME1643,Weekend,Night
TIME1644,Weekday,Morning
TIME1645,Weekend,Afternoon
TIME1646,Weekend,Morning
TIME1647,Weekend,Afternoon
TIME1648,Weekday,Evening
TIME1649,Weekend,Afternoon
TIME1650,Weekend,Morning
TIME1651,Weekday,Afternoon
TIME1652,Weekday,Afternoon
TIME1653,Weekday,Night
TIME1654,Weekend,Evening
TIME1655,Weekend,Morning
TIME1656,Weekend,Morning
TIME1657,Weekend,Night
TIME1658,Weekday,Evening
TIME1659,Weekend,Night
TIME1660,Weekday,Morning
TIME1661,Weekday,Evening
TIME1662,Weekend,Night
TIME1663,Weekend,Afternoon
TIME1664,Weekday,Morning
TIME1665,Weekday,Afternoon
TIME1666,Weekday,Afternoon
TIME1667,Weekday,Night
TIME1668,Weekend,Evening
TIME1669,Weekend,Morning
TIME1670,Weekday,Night
TIME1671,Weekday,Morning
TIME1672,Weekday,Afternoon
TIME1673,Weekday,Evening
TIME1674,Weekday,Night
TIME1675,Weekday,Evening
TIME1676,Weekday,Morning
TIME1677,Weekday,Evening
TIME1678,Weekday,Evening
TIME1679,Weekday,Evening
TIME1680,Weekday,Night
TIME1681,Weekday,Afternoon
TIME1682,Weekend,Night
TIME1683,Weekend,Afternoon
TIME1684,Weekday,Afternoon
TIME1685,Weekend,Morning
TIME1686,Weekday,Afternoon
TIME1687,Weekday,Morning
TIME1688,Weekend,Morning
TIME1689,Weekday,Afternoon
TIME1690,Weekend,Evening
TIME1691,Weekday,Evening
TIME1692,Weekend,Morning
TIME1693,Weekend,Morning
TIME1694,Weekend,Night
TIME1695,Weekday,Afternoon
TIME1696,Weekend,Night
TIME1697,Weekend,Afternoon
TIME1698,Weekday,Night
TIME1699,Weekend,Afternoon
TIME1700,Weekday,Evening
TIME1701,Weekend,Morning
TIME1702,Weekend,Morning
TIME1703,Weekend,Morning
TIME1704,Weekday,Afternoon
TIME1705,Weekday,Evening
TIME1706,Weekend,Night
TIME1707,Weekend,Night
TIME1708,Weekend,Evening
TIME1709,Weekend,Evening
TIME1710,Weekend,Night
TIME1711,Weekend,Afternoon
TIME1712,Weekend,Evening
TIME1713,Weekday,Night
TIME1714,Weekend,Morning
TIME1715,Weekend,Evening
TIME1716,Weekend,Evening
TIME1717,Weekday,Evening
TIME1718,Weekend,Afternoon
TIME1719,Weekday,Evening
TIME1720,Weekend,Afternoon
TIME1721,Weekend,Night
TIME1722,Weekend,Evening
TIME1723,Weekend,Afternoon
TIME1724,Weekday,Evening
TIME1725,Weekday,Evening
TIME1726,Weekend,Afternoon
TIME1727,Weekend,Afternoon
TIME1728,Weekday,Evening
TIME1729,Weekday,Afternoon
TIME1730,Weekend,Afternoon
TIME1731,Weekend,Evening
TIME1732,Weekday,Night
TIME1733,Weekend,Evening
TIME1734,Weekend,Evening
TIME1735,Weekday,Evening
TIME1736,Weekday,Evening
TIME1737,Weekday,Night
TIME1738,Weekend,Morning
TIME1739,Weekday,Afternoon
TIME1740,Weekend,Night
TIME1741,Weekend,Evening
TIME1742,Weekend,Afternoon
TIME1743,Weekend,Morning
TIME1744,Weekend,Night
TIME1745,Weekday,Night
TIME1746,Weekend,Night
TIME1747,Weekend,Morning
TIME1748,Weekday,Afternoon
TIME1749,Weekday,Evening
TIME1750,Weekday,Morning
TIME1751,Weekday,Evening
TIME1752,Weekday,Evening
TIME1753,Weekday,Morning
TIME1754,Weekend,Afternoon
TIME1755,Weekday,Morning
TIME1756,Weekday,Morning
TIME1757,Weekend,Evening
TIME1758,Weekend,Night
TIME1759,Weekday,Afternoon
TIME1760,Weekday,Evening
TIME1761,Weekend,Afternoon
TIME1762,Weekday,Morning
TIME1763,Weekend,Afternoon
TIME1764,Weekday,Night
TIME1765,Weekday,Morning
TIME1766,Weekday,Morning
TIME1767,Weekend,Night
TIME1768,Weekday,Morning
TIME1769,Weekday,Night
TIME1770,Weekday,Afternoon
TIME1771,Weekend,Afternoon
TIME1772,Weekday,Afternoon
TIME1773,Weekend,Morning
TIME1774,Weekday,Afternoon
TIME1775,Weekend,Night
TIME1776,Weekend,Night
TIME1777,Weekday,Afternoon
TIME1778,Weekday,Morning
TIME1779,Weekend,Night
TIME1780,Weekend,Afternoon
TIME1781,Weekend,Night
TIME1782,Weekday,Evening
TIME1783,Weekday,Night
TIME1784,Weekend,Evening
TIME1785,Weekend,Morning
TIME1786,Weekend,Night
TIME1787,Weekend,Afternoon
TIME1788,Weekend,Afternoon
TIME1789,Weekday,Night
TIME1790,Weekday,Night
TIME1791,Weekday,Afternoon
TIME1792,Weekend,Evening
TIME1793,Weekend,Evening
TIME1794,Weekday,Evening
TIME1795,Weekday,Night
TIME1796,Weekend,Morning
TIME1797,Weekday,Morning
TIME1798,Weekend,Morning
TIME1799,Weekend,Evening
TIME1800,Weekend,Night
TIME1801,Weekday,Night
TIME1802,Weekend,Night
TIME1803,Weekend,Morning
TIME1804,Weekend,Evening
TIME1805,Weekend,Afternoon
TIME1806,Weekend,Evening
TIME1807,Weekend,Night
TIME1808,Weekday,Afternoon
TIME1809,Weekday,Afternoon
TIME1810,Weekday,Night
TIME1811,Weekend,Morning
TIME1812,Weekday,Morning
TIME1813,Weekday,Morning
TIME1814,Weekday,Evening
TIME1815,Weekday,Evening
TIME1816,Weekend,Afternoon
TIME1817,Weekend,Afternoon
TIME1818,Weekend,Evening
TIME1819,Weekday,Afternoon
TIME1820,Weekend,Evening
TIME1821,Weekday,Morning
TIME1822,Weekday,Morning
TIME1823,Weekday,Afternoon
TIME1824,Weekend,Night
TIME1825,Weekend,Afternoon
TIME1826,Weekday,Morning
TIME1827,Weekday,Morning
TIME1828,Weekday,Morning
TIME1829,Weekend,Afternoon
TIME1830,Weekday,Night
TIME1831,Weekend,Afternoon
TIME1832,Weekday,Afternoon
TIME1833,Weekday,Morning
TIME1834,Weekend,Afternoon
TIME1835,Weekend,Morning
TIME1836,Weekday,Night
TIME1837,Weekday,Afternoon
TIME1838,Weekday,Night
TIME1839,Weekday,Afternoon
TIME1840,Weekday,Evening
TIME1841,Weekend,Night
TIME1842,Weekday,Night
TIME1843,Weekday,Morning
TIME1844,Weekday,Afternoon
TIME1845,Weekday,Morning
TIME1846,Weekend,Afternoon
TIME1847,Weekday,Evening
TIME1848,Weekend,Night
TIME1849,Weekend,Night
TIME1850,Weekend,Evening
TIME1851,Weekend,Evening
TIME1852,Weekend,Afternoon
TIME1853,Weekend,Afternoon
TIME1854,Weekday,Afternoon
TIME1855,Weekday,Evening
TIME1856,Weekend,Morning
TIME1857,Weekend,Night
TIME1858,Weekend,Evening
TIME1859,Weekend,Morning
TIME1860,Weekend,Night
TIME1861,Weekday,Morning
TIME1862,Weekday,Night
TIME1863,Weekday,Night
TIME1864,Weekday,Evening
TIME1865,Weekend,Afternoon
TIME1866,Weekday,Morning
TIME1867,Weekday,Night
TIME1868,Weekend,Night
TIME1869,Weekend,Night
TIME1870,Weekend,Evening
TIME1871,Weekday,Night
TIME1872,Weekday,Night
TIME1873,Weekday,Afternoon
TIME1874,Weekday,Morning
TIME1875,Weekend,Evening
TIME1876,Weekday,Evening
TIME1877,Weekend,Night
TIME1878,Weekend,Morning
TIME1879,Weekend,Evening
TIME1880,Weekend,Morning
TIME1881,Weekend,Morning
TIME1882,Weekend,Evening
TIME1883,Weekday,Evening
TIME1884,Weekday,Morning
TIME1885,Weekday,Afternoon
TIME1886,Weekend,Morning
TIME1887,Weekday,Afternoon
TIME1888,Weekend,Morning
TIME1889,Weekend,Night
TIME1890,Weekend,Night
TIME1891,Weekend,Evening
TIME1892,Weekend,Evening
TIME1893,Weekday,Morning
TIME1894,Weekend,Night
TIME1895,Weekend,Morning
TIME1896,Weekday,Afternoon
TIME1897,Weekend,Evening
TIME1898,Weekend,Evening
TIME1899,Weekday,Afternoon
TIME1900,Weekday,Morning
TIME1901,Weekend,Evening
TIME1902,Weekend,Afternoon
TIME1903,Weekday,Morning
TIME1904,Weekend,Morning
TIME1905,Weekday,Afternoon
TIME1906,Weekend,Afternoon
TIME1907,Weekend,Afternoon
TIME1908,Weekend,Evening
TIME1909,Weekday,Morning
TIME1910,Weekday,Afternoon
TIME1911,Weekday,Evening
TIME1912,Weekend,Morning
TIME1913,Weekday,Night
TIME1914,Weekday,Night
TIME1915,Weekday,Morning
TIME1916,Weekend,Evening
TIME1917,Weekend,Night
TIME1918,Weekend,Evening
TIME1919,Weekend,Afternoon
TIME1920,Weekend,Afternoon
TIME1921,Weekday,Morning
TIME1922,Weekend,Night
TIME1923,Weekend,Evening
TIME1924,Weekend,Night
TIME1925,Weekend,Morning
TIME1926,Weekend,Evening
TIME1927,Weekday,Afternoon
TIME1928,Weekday,Afternoon
TIME1929,Weekday,Night
TIME1930,Weekday,Morning
TIME1931,Weekend,Night
TIME1932,Weekend,Night
TIME1933,Weekend,Evening
TIME1934,Weekday,Afternoon
TIME1935,Weekday,Night
TIME1936,Weekday,Evening
TIME1937,Weekday,Night
TIME1938,Weekend,Night
TIME1939,Weekday,Night
TIME1940,Weekend,Morning
TIME1941,Weekend,Evening
TIME1942,Weekday,Evening
TIME1943,Weekday,Night
TIME1944,Weekend,Night
TIME1945,Weekday,Night
TIME1946,Weekend,Afternoon
TIME1947,Weekend,Afternoon
TIME1948,Weekday,Evening
TIME1949,Weekday,Evening
TIME1950,Weekend,Morning
TIME1951,Weekday,Morning
TIME1952,Weekday,Morning
TIME1953,Weekday,Night
TIME1954,Weekend,Morning
TIME1955,Weekday,Morning
TIME1956,Weekday,Night
TIME1957,Weekday,Morning
TIME1958,Weekday,Evening
TIME1959,Weekend,Evening
TIME1960,Weekday,Morning
TIME1961,Weekday,Evening
TIME1962,Weekend,Morning
TIME1963,Weekday,Morning
TIME1964,Weekday,Morning
TIME1965,Weekday,Afternoon
TIME1966,Weekend,Night
TIME1967,Weekday,Evening
TIME1968,Weekend,Morning
TIME1969,Weekend,Afternoon
TIME1970,Weekday,Night
TIME1971,Weekend,Afternoon
TIME1972,Weekday,Night
TIME1973,Weekday,Evening
TIME1974,Weekday,Night
TIME1975,Weekend,Afternoon
TIME1976,Weekend,Night
TIME1977,Weekend,Evening
TIME1978,Weekend,Night
TIME1979,Weekend,Afternoon
TIME1980,Weekend,Evening
TIME1981,Weekday,Afternoon
TIME1982,Weekend,Afternoon
TIME1983,Weekday,Morning
TIME1984,Weekday,Morning
TIME1985,Weekday,Afternoon
TIME1986,Weekday,Night
TIME1987,Weekday,Afternoon
TIME1988,Weekday,Evening
TIME1989,Weekend,Evening
TIME1990,Weekday,Night
TIME1991,Weekend,Night
TIME1992,Weekday,Evening
TIME1993,Weekday,Night
TIME1994,Weekday,Evening
TIME1995,Weekday,Night
TIME1996,Weekday,Evening
TIME1997,Weekday,Morning
TIME1998,Weekday,Evening
TIME1999,Weekend,Afternoon
TIME2000,Weekend,Night
